"","Latitude","Longitude","Elevation","MAT","MWMT","MCMT","TD","MAP","MSP","AHM","SHM","bFFP","eFFP","FFP","CMD","CMI","DD_0","DD5","DD_18","DD18","DD1040","EMT","EXT","Eref","rsds","NFFD","PAS","RH","Tmax01","Tmax02","Tmax03","Tmax04","Tmax05","Tmax06","Tmax07","Tmax08","Tmax09","Tmax10","Tmax11","Tmax12","Tmin01","Tmin02","Tmin03","Tmin04","Tmin05","Tmin06","Tmin07","Tmin08","Tmin09","Tmin10","Tmin11","Tmin12","Tave01","Tave02","Tave03","Tave04","Tave05","Tave06","Tave07","Tave08","Tave09","Tave10","Tave11","Tave12","PPT01","PPT02","PPT03","PPT04","PPT05","PPT06","PPT07","PPT08","PPT09","PPT10","PPT11","PPT12","rsds01","rsds02","rsds03","rsds04","rsds05","rsds06","rsds07","rsds08","rsds09","rsds10","rsds11","rsds12","DD_0_01","DD_0_02","DD_0_03","DD_0_04","DD_0_05","DD_0_06","DD_0_07","DD_0_08","DD_0_09","DD_0_10","DD_0_11","DD_0_12","DD5_01","DD5_02","DD5_03","DD5_04","DD5_05","DD5_06","DD5_07","DD5_08","DD5_09","DD5_10","DD5_11","DD5_12","DD_18_01","DD_18_02","DD_18_03","DD_18_04","DD_18_05","DD_18_06","DD_18_07","DD_18_08","DD_18_09","DD_18_10","DD_18_11","DD_18_12","DD18_01","DD18_02","DD18_03","DD18_04","DD18_05","DD18_06","DD18_07","DD18_08","DD18_09","DD18_10","DD18_11","DD18_12","NFFD01","NFFD02","NFFD03","NFFD04","NFFD05","NFFD06","NFFD07","NFFD08","NFFD09","NFFD10","NFFD11","NFFD12","PAS01","PAS02","PAS03","PAS04","PAS05","PAS06","PAS07","PAS08","PAS09","PAS10","PAS11","PAS12","Eref01","Eref02","Eref03","Eref04","Eref05","Eref06","Eref07","Eref08","Eref09","Eref10","Eref11","Eref12","CMD01","CMD02","CMD03","CMD04","CMD05","CMD06","CMD07","CMD08","CMD09","CMD10","CMD11","CMD12","RH01","RH02","RH03","RH04","RH05","RH06","RH07","RH08","RH09","RH10","RH11","RH12","CMI01","CMI02","CMI03","CMI04","CMI05","CMI06","CMI07","CMI08","CMI09","CMI10","CMI11","CMI12","EVI_1","EVI_2","EVI_3","EVI_4","EVI_5","EVI_6","EVI_median","EVI_min","EVI_max","TRI","TPI","roughness","HLI","TWI","annualPET","aridityIndexThornthwaite","climaticMoistureIndex","continentality","embergerQ","growingDegDays0","growingDegDays5","maxTempColdest","minTempWarmest","monthCountByTemp10","PETColdestQuarter","PETDriestQuarter","PETseasonality","PETWarmestQuarter","PETWettestQuarter","thermicityIndex","footprint_value","trees","grassland","shrubs","cropland","built","bare","snow","water","wetland","mangroves","moss","Bulk_density","Coarse_fragments_volume","Nitrogen_content","Organic_carb_density","pH_H2O","Sand_fraction","Silt_fraction","Soil_organic_carb"
"SRR15815744",36.925,-81.839,916,11,21.1,-0.2,21.3,1568,684,13.4,30.8,122,286,164,23,77.14,168,2707,2870,329,1449,-25.7,35.1,983,15,210,33,63,4.8,7.6,11.5,17.1,21.7,25.2,26.8,25.7,23.7,18.2,11.6,8,-5.2,-3.5,-0.3,3.9,9.5,13.1,15.4,14.4,11.7,5.6,-1,-2.1,-0.2,2,5.6,10.5,15.6,19.1,21.1,20,17.7,11.9,5.3,3,112,146,125,165,150,120,166,143,105,101,93,142,10,11.2,15.5,19.4,19,21.9,19.1,17.5,14.6,13.1,9.9,8.7,71,38,14,1,0,0,0,0,0,1,12,31,19,28,72,172,330,422,499,465,381,216,63,39,566,444,387,228,97,30,9,17,54,195,381,462,0,0,0,5,22,65,105,80,45,6,0,0,5,0,0,21,31,30,31,31,30,30,0,0,19,9,0,0,0,0,0,0,0,0,1,3,0,37,64,97,128,143,147,130,101,69,39,28,0,0,0,0,0,23,0,0,0,0,0,0,63,61,61,59,63,64,66,66,64,61,58,65,10.23,12.83,9.02,9.29,5.87,0.93,4.81,3.24,0.35,2.54,5.81,12.22,0.250400006771088,0.745999991893768,0.807600021362305,0.670400023460388,0.245199993252754,0.210600003600121,0.460400015115738,0.210600003600121,0.807600021362305,115.75,-86,270,1.17429957420395,10.7643280029297,1070.07995605469,18.5900001525879,0.100000001490116,21.4500007629395,127.5,41448,33372,46,145,7,31.4599990844727,47.9500007629395,4881.47021484375,148.240005493164,146.880004882812,107.75,4,1,0,0,0,0,0,0,0,0,0,0,1.10000002384186,19,6.19999980926514,5,4.69999980926514,41,38,101.099998474121
"SRR15815746",36.83594,-81.97223,705,12.2,22.7,0.5,22.2,1390,598,16,38,118,289,172,89,50.55,132,3070,2573,480,1726,-25,36.9,1079,15.2,217,20,61,5.9,9.2,13.3,18.9,23.3,26.9,28.5,27.4,25.3,19.6,13.1,9.4,-4.9,-2.7,0.4,4.8,10.5,14.4,16.9,15.7,13,6.5,-0.2,-1.4,0.5,3.2,6.9,11.8,16.9,20.6,22.7,21.5,19.1,13.1,6.4,4,99,137,113,139,132,112,140,115,99,95,82,127,9.7,11.4,15.6,19.6,19.4,22.1,19.7,18,15.1,13.2,9.8,8.5,61,28,10,1,0,0,0,0,0,0,8,24,23,38,97,206,369,467,548,511,423,253,83,51,545,410,346,195,69,17,4,9,36,163,348,431,0,0,2,8,35,94,147,116,68,10,0,0,6,0,0,26,31,30,31,31,30,31,0,0,13,4,0,0,0,0,0,0,0,0,0,1,28,40,71,106,137,151,155,137,107,74,42,31,0,0,0,0,5,39,15,22,8,0,0,0,61,59,58,57,61,63,66,66,63,60,57,63,8.7,11.4,6.91,5.86,3.24,-0.83,1.28,-0.53,-1.05,1.36,3.96,10.25,0.258799999952316,0.462399989366531,0.745599985122681,0.745599985122681,0.270399987697601,0.244200006127357,0.366399988532066,0.244200006127357,0.745599985122681,86.5,4,276,1.13025911203325,10.8247480392456,1136.15002441406,25.1900005340576,0.0199999995529652,21.6499996185303,121.139999389648,49770,36193.5,58,155,7,33.9700012207031,51.2099990844727,5124.39990234375,156.399993896484,155.210006713867,142.75,3,0.987500011920929,0.0125000001862645,0,0,0,0,0,0,0,0,0,1.10000002384186,15,4.30000019073486,4.59999990463257,4.90000009536743,33,45,69.8000030517578
"SRR15815752",36.70084,-81.62095,1067,10.5,20.5,-0.4,20.9,1595,712,12.9,28.8,121,286,165,9,87.74,182,2564,2996,274,1344,-25.8,33.8,919,14.8,210,36,65,4.4,6.9,10.3,16,20.5,23.9,25.6,24.3,22.2,17,10.6,7.7,-5.3,-3.5,-0.5,3.9,9.6,13.1,15.4,14.4,11.8,5.8,-0.9,-2.1,-0.4,1.7,4.9,9.9,15.1,18.5,20.5,19.4,17,11.4,4.8,2.8,112,133,115,158,159,124,176,131,122,115,100,150,10.1,11.1,15.5,19.2,19,21.3,19,17.2,14.2,12.6,9.7,8.7,75,41,17,2,0,0,0,0,0,1,14,33,18,26,61,157,315,404,480,446,360,203,55,38,572,452,408,244,109,37,12,23,66,207,396,468,0,0,0,4,18,54,90,67,36,5,0,0,5,0,0,21,31,30,31,31,30,30,0,0,20,9,1,1,0,0,0,0,0,0,1,3,0,35,59,92,120,133,137,120,93,65,37,28,0,0,0,0,0,9,0,0,0,0,0,0,64,63,64,62,66,67,70,70,68,64,61,66,10.3,11.7,8.53,9.18,7.61,2.4,6.88,3.23,3.24,4.66,6.92,13.08,0.32379999756813,0.609600007534027,0.737200021743774,0.600000023841858,0.279399991035461,0.2567999958992,0.461900010704994,0.2567999958992,0.737200021743774,101.375,46.375,340,1.13897004261855,8.63915920257568,1021.67999267578,12.0699996948242,0.200000002980232,20.8500003814697,140.520004272461,38494.5,26604,41,137,6,30.5400009155273,31.7000007629395,4622.8798828125,141.300003051758,139.669998168945,83.25,5,0.999100029468536,0.000899999984540045,0,0,0,0,0,0,0,0,0,1.10000002384186,15,5,5,4.80000019073486,41,36,90.5
"SRR15815754",34.76897,-84.68524,836,13.8,23.6,2,21.6,2406,886,9.9,26.6,104,306,202,0,155.32,88,3521,2173,650,2053,-21.4,36.9,1043,15.1,253,20,69,6.3,9.3,13.8,19.6,23.4,26.9,28.5,27.6,25.5,20.3,13.1,9.4,-2.4,0.5,3.6,7.8,13.1,16.8,18.7,18.5,15.9,10.2,3.1,1.4,2,4.9,8.7,13.7,18.2,21.9,23.6,23,20.7,15.2,8.1,5.4,203,237,214,222,177,191,182,165,171,191,172,281,10,10.9,15.9,19.6,20,20.8,20.4,18.3,15.3,12.5,9.6,8.5,42,18,6,0,0,0,0,0,0,0,5,17,34,58,139,263,409,506,576,557,470,317,119,71,499,363,290,143,47,10,3,4,22,107,298,388,0,0,3,14,53,123,175,157,102,22,2,0,9,0,16,30,31,30,31,31,30,31,12,2,16,3,0,0,0,0,0,0,0,0,0,1,30,40,70,106,129,142,148,129,102,73,43,31,0,0,0,0,0,0,0,0,0,0,0,0,69,70,67,63,69,70,71,73,71,69,67,73,18.84,21.18,16.54,14.28,8.4,7.92,6.17,5.38,6.95,11.35,12.78,25.53,0.272799998521805,0.574400007724762,0.687200009822845,0.646799981594086,0.386400014162064,0.287600010633469,0.480400010943413,0.272799998521805,0.687200009822845,123.5,123.5,269,1.14663663116094,9.67007637023926,1133.48999023438,14.2200002670288,0.319999992847443,21.0499992370605,181.029998779297,52164,37273.5,66,163,7,37.5800018310547,111.910003662109,4771.81005859375,151.550003051758,51.4799995422363,157.75,10,0.999100029468536,0,0,0,0.000500000023748726,0.00039999998989515,0,0,0,0,0,1.10000002384186,10,5.90000009536743,5,5,47,33,89.9000015258789
"SRR15815756",34.81049,-84.56055,565,14.9,24.6,3.7,20.9,2178,828,11.4,29.7,102,304,202,1,113.77,58,3844,1885,786,2284,-20.4,38.5,1192,15.8,261,9,63,8.9,11.9,16,21.6,25.6,29.1,30.5,29.7,27.7,22.3,15.4,11.8,-1.5,1.1,4.2,7.9,12.6,16.8,18.8,18.1,15.3,9.4,3,2,3.7,6.5,10.1,14.8,19.1,23,24.6,23.9,21.5,15.9,9.2,6.9,175,213,190,199,163,181,174,147,163,169,156,248,10.3,11.6,16.1,20,20.1,22.2,20.6,18.8,16,14.1,10.5,9,28,12,4,0,0,0,0,0,0,0,3,11,50,82,175,295,436,539,606,585,494,339,145,99,446,318,247,114,35,6,2,3,17,91,265,342,0,0,4,19,67,155,205,184,121,27,2,1,11,0,22,30,31,30,31,31,30,31,11,3,7,1,0,0,0,0,0,0,0,0,0,0,35,47,80,118,149,161,165,148,118,85,50,36,0,0,0,0,0,0,0,1,0,0,0,0,64,64,62,58,62,64,66,66,64,61,60,68,15.27,17.69,12.77,10.75,5.09,4.85,3.42,1.35,3.97,7.6,9.8,21.23,0.265799999237061,0.541999995708466,0.593200027942657,0.593200027942657,0.283399999141693,0.299400001764297,0.420699998736382,0.265799999237061,0.593200027942657,34.25,-4.5,132,1.14088751808991,9.73149013519287,1217.40002441406,18.8999996185303,0.230000004172325,21.1000003814697,166.330001831055,57330,40189.5,80,171,7,40.6100006103516,119.610000610352,5090.39013671875,161.960006713867,55.7700004577637,194.5,3,1,0,0,0,0,0,0,0,0,0,0,1.20000004768372,8,4.59999990463257,4.5,5,51,28,81.9000015258789
"SRR15815758",33.93523,-84.97022,384,16,25.7,4.6,21.1,1571,601,16.5,42.8,94,311,217,146,48.32,45,4195,1657,961,2568,-20.2,39.4,1238,15.9,279,5,63,10.5,13.5,17.9,22.8,26.5,29.9,31.2,30.6,28.5,23.1,17.2,13.4,-1.4,1.2,4.9,8.9,13.8,18.3,20.2,19.7,16.8,10.7,4.2,2.1,4.6,7.3,11.4,15.9,20.1,24.1,25.7,25.1,22.6,16.9,10.7,7.8,139,166,132,159,120,128,123,130,100,98,110,166,9.9,12.3,16.4,20.2,20.8,21.5,21.4,19.4,16.5,13.6,10.4,8.9,22,9,3,0,0,0,0,0,0,0,2,9,62,98,210,328,466,572,640,622,527,369,181,119,419,296,208,88,25,4,1,1,12,70,220,314,0,1,7,28,87,186,239,221,147,38,5,2,11,0,27,30,31,30,31,31,30,31,22,4,4,0,0,0,0,0,0,0,0,0,0,0,41,53,89,124,152,161,165,149,120,87,55,42,0,0,0,0,32,33,42,19,20,0,0,0,60,60,59,58,63,67,69,69,66,63,59,63,11.11,12.2,6.1,6.24,0.56,-0.44,-1.56,-0.38,-2.33,0.41,4.19,12.23,0.267800003290176,0.669200003147125,0.648000001907349,0.536800026893616,0.27020001411438,0.247600004076958,0.403500020503998,0.247600004076958,0.669200003147125,11.625,5.125,49,1.13660674938201,10.6249322891235,1284.13000488281,27.8600006103516,0.0900000035762787,20.7999992370605,148.990005493164,64782,58047,100,188,9,46.1100006103516,124.300003051758,5068.4599609375,166.5,62.2299995422363,245,14,0.939300000667572,0.0119000002741814,0,0,0.0487999990582466,0,0,0,0,0,0,1.29999995231628,6,3,4.30000019073486,5.09999990463257,43,34,47.7999992370605
"SRR15815760",34.42553,-84.21087,414,15.7,25.4,4.8,20.6,1918,773,13.4,32.9,94,309,215,12,87.08,44,4069,1709,887,2452,-19.3,38.8,1201,15.7,282,5,64,10.2,13,17.2,22,26,29.4,30.9,30.1,27.8,22.4,16.2,12.8,-0.6,1.7,5.1,9,13.5,17.8,19.8,19.1,16.2,10.1,3.8,2.7,4.8,7.3,11.1,15.5,19.8,23.6,25.4,24.6,22,16.2,10,7.8,149,175,158,176,153,154,157,177,132,152,131,204,9.9,11.8,16.1,19.8,20.5,21.7,21.1,19.1,16.2,13.5,10.2,8.8,21,9,3,0,0,0,0,0,0,0,2,9,64,97,201,316,457,557,631,606,509,348,164,119,412,296,215,97,28,5,1,2,14,84,241,314,0,1,6,24,80,172,230,206,133,30,3,2,13,1,28,30,31,30,31,31,30,31,19,7,4,0,0,0,0,0,0,0,0,0,0,0,38,50,84,118,149,159,164,147,117,84,52,39,0,0,0,0,0,5,7,0,0,0,0,0,64,63,62,61,63,66,68,68,66,63,61,67,12.18,13.35,9.15,8.58,4.2,2.47,1.96,4.57,1.33,6.17,6.77,16.35,0.235200002789497,0.634800016880035,0.638400018215179,0.505200028419495,0.261799991130829,0.231800004839897,0.383500009775162,0.231800004839897,0.638400018215179,9.375,-7.875,37,1.14251279408945,11.2858238220215,1238.85998535156,22.7600002288818,0.200000002980232,20.6499996185303,165.389999389648,61758,55440,93,182,7,43.6100006103516,119.819999694824,4968.56005859375,161.820007324219,59.2599983215332,227.25,11,0.986100018024445,0.00240000011399388,0,0,0.00439999997615814,0.000500000023748726,0,0.00659999996423721,0,0,0,1.29999995231628,5,2.79999995231628,4.30000019073486,5,45,33,51.5999984741211
"SRR15815762",34.64158,-83.94225,564,14.9,24.4,4.2,20.2,2052,815,12.1,29.9,102,302,200,0,101.99,53,3811,1864,747,2236,-20.8,37.9,1189,15.7,257,7,63,9.9,12.6,16.6,21.3,25.3,28.6,30.1,29.2,27.1,21.9,16.1,12.6,-1.5,0.8,4,7.9,12.6,16.8,18.6,18,15.3,9,2.9,1.6,4.2,6.7,10.3,14.6,19,22.7,24.4,23.6,21.2,15.4,9.5,7.1,165,187,164,187,163,160,168,185,139,172,142,220,10.2,12,16.1,19.9,20.1,21.7,20.6,18.7,15.9,13.9,10.6,9.1,24,11,4,0,0,0,0,0,0,0,3,10,56,86,179,289,433,530,600,576,485,323,152,103,431,312,241,119,36,7,2,3,18,103,256,335,0,0,4,18,65,146,199,175,114,22,2,1,11,0,20,30,31,30,31,31,30,31,10,2,6,1,0,0,0,0,0,0,0,0,0,0,38,50,83,116,147,157,163,145,115,84,52,39,0,0,0,0,0,0,0,0,0,0,0,0,61,61,60,59,62,66,67,67,65,61,58,64,13.9,14.74,9.78,9.78,5.38,3.32,3.21,5.69,2.2,8.11,7.87,18.01,0.284599989652634,0.703999996185303,0.703999996185303,0.578000009059906,0.419600009918213,0.280000001192093,0.498800009489059,0.280000001192093,0.703999996185303,55,-33.5,238,1.10809025426168,9.66065406799316,1221.93005371094,17.4799995422363,0.25,20.2999992370605,175.75,57870,40176,89,170,7,42.7700004577637,86.6500015258789,4923.509765625,159.770004272461,58.0400009155273,202.5,8,0.954299986362457,0.0456999987363815,0,0,0,0,0,0,0,0,0,1.20000004768372,11,5.19999980926514,4.69999980926514,5.09999990463257,53,26,84
"SRR15815764",34.75275,-84.01403,810,13.4,22.8,2.9,19.9,2221,868,10.5,26.3,112,293,181,0,125.37,75,3336,2199,521,1858,-23,36.6,1146,15.7,229,13,61,8.9,11.5,15,19.6,23.6,26.9,28.5,27.8,25.8,20.9,15.3,11.9,-3.2,-1,2.4,6.3,10.8,15,17,16.3,13.4,7.2,1.1,0.1,2.9,5.2,8.7,13,17.2,21,22.8,22,19.6,14,8.2,6,175,203,174,214,174,174,173,198,149,197,154,236,10.7,12.2,16.1,19.9,19.6,21.9,19.9,18.2,15.6,14.1,11,9.5,34,17,6,1,0,0,0,0,0,0,4,14,41,61,138,241,379,479,551,526,438,281,120,81,471,354,290,162,63,14,4,7,31,139,295,369,0,0,2,10,38,101,150,127,78,13,1,0,8,0,6,30,31,30,31,31,30,31,1,0,10,2,0,0,0,0,0,0,0,0,0,1,37,48,78,110,140,151,157,141,113,82,51,38,0,0,0,0,0,0,0,0,0,0,0,0,58,59,60,59,62,65,66,66,63,58,55,61,15.31,16.9,11.75,13.12,7.16,5.48,4.48,7.46,3.48,10.68,9.61,19.94,0.28659999370575,0.696799993515015,0.696799993515015,0.618799984455109,0.340999990701675,0.272000014781952,0.479899987578392,0.272000014781952,0.696799993515015,37,-34.25,77,1.15470232367657,13.9782638549805,1159.2099609375,11.210000038147,0.319999992847443,20.2000007629395,186.580001831055,52020,36868.5,75,157,7,39.9000015258789,113,4735.22998046875,152.789993286133,54.2599983215332,161,2,0.998799979686737,0.00120000005699694,0,0,0,0,0,0,0,0,0,1.10000002384186,8,5.19999980926514,4.69999980926514,5,45,34,98.1999969482422
"SRR15815766",35.16958,-83.58578,1504,11.3,20,1.7,18.3,2231,803,9.5,24.9,113,295,182,0,152.53,113,2701,2673,258,1372,-22.5,32.2,902,14.9,228,30,71,5.9,7.9,11.4,16,19.7,22.9,24.3,23.3,21.3,17,11.6,8.5,-2.5,-0.9,1.9,5.8,10.6,14.1,15.6,15,13.1,7.8,1.7,0.4,1.7,3.5,6.7,10.9,15.1,18.5,20,19.1,17.2,12.4,6.6,4.4,229,220,186,212,157,171,167,167,141,174,160,247,11.2,10.9,15.7,19.2,19,20.2,18.9,17,13.8,13,10.7,9.8,46,26,10,1,0,0,0,0,0,1,8,22,29,39,91,182,315,404,465,437,366,232,85,55,508,402,352,218,109,37,15,26,62,182,342,419,0,0,0,4,17,54,78,60,39,6,0,0,9,0,3,29,31,30,31,31,30,31,3,0,20,6,0,0,0,0,0,0,0,0,1,2,28,37,62,89,111,121,127,111,85,63,39,29,0,0,0,0,0,0,0,0,0,0,0,0,70,69,68,67,72,73,74,75,75,71,67,72,21.45,19.87,14.87,14.68,7.98,7.98,6.89,7.59,5.99,10.76,12.16,22.32,0.265599995851517,0.265599995851517,0.5867999792099,0.694800019264221,0.245000004768372,0.245000004768372,0.265599995851517,0.245000004768372,0.694800019264221,102,78.25,267,1.19381845891661,8.85386753082275,968.260009765625,0,0.519999980926514,19.6499996185303,234.529998779297,31965,20538,39,128,5,31.3299999237061,94.9400024414062,4161.02001953125,130.570007324219,43.2999992370605,65.25,3,1,0,0,0,0,0,0,0,0,0,0,0.800000011920929,9,11.6000003814697,6.69999980926514,4.59999990463257,49,31,151.100006103516
"SRR15815768",35.17529,-83.70707,1022,12.9,21.8,2.9,18.9,2049,766,11.2,28.5,110,297,188,0,121.13,80,3154,2296,429,1711,-21.8,34.6,1027,15.3,237,15,67,7.9,10.1,13.6,18.3,22.1,25.4,26.7,25.9,23.9,19.2,13.6,10.3,-2.1,-0.2,2.8,6.5,11.4,15,16.8,16.1,13.9,8.2,2,0.9,2.9,5,8.2,12.4,16.8,20.2,21.8,21,18.9,13.7,7.8,5.6,192,204,174,194,151,164,161,165,125,142,145,232,10.9,11.4,15.8,19.5,19.1,21,19.2,17.5,14.7,13.5,10.9,9.6,34,17,7,1,0,0,0,0,0,0,5,16,40,57,124,223,366,455,520,496,417,272,110,73,471,360,306,179,70,20,6,11,38,147,307,382,0,0,2,8,32,86,121,104,65,11,0,0,10,0,8,30,31,30,31,31,30,31,4,1,11,2,0,0,0,0,0,0,0,0,0,1,33,43,70,101,126,138,141,126,99,72,45,33,0,0,0,0,0,0,0,0,0,0,0,0,65,65,65,63,67,69,71,71,70,66,62,68,17.23,17.52,12.58,11.9,6.14,5.76,4.91,5.83,2.86,6.52,9.69,20.2,0.264400005340576,0.427599996328354,0.748000025749207,0.582400023937225,0.224800005555153,0.304800003767014,0.366200000047684,0.224800005555153,0.748000025749207,45.125,-13.125,227,1.12386319976533,9.23209476470947,1108.36999511719,3.95000004768372,0.379999995231628,19.8500003814697,197.710006713867,46404,33655.5,64,141,7,37.0999984741211,108.300003051758,4626.60986328125,147.380004882812,50.8699989318848,122.25,3,0.992500007152557,0.00749999983236194,0,0,0,0,0,0,0,0,0,1,9,7.5,4.80000019073486,4.90000009536743,48,33,98.5999984741211
"SRR15815770",35.42077,-83.95027,704,12.8,22.2,2.2,20,2100,808,10.9,27.5,115,291,175,1,116.12,90,3170,2343,460,1744,-23.6,36.2,1133,15.6,222,18,60,7.9,10.7,14.7,19.9,23.7,26.9,28.3,27.4,25.2,20.2,14.4,10.9,-3.6,-1.2,1.5,5.3,10.3,14.2,16.1,15.3,12.9,6.7,0.5,-0.4,2.2,4.8,8.1,12.6,17,20.5,22.2,21.4,19,13.4,7.4,5.2,187,209,181,198,141,194,185,149,139,150,145,222,10.2,11.8,16,20.1,19.8,22.4,20.2,18.4,15.5,13.6,10.4,9,40,18,7,1,0,0,0,0,0,0,6,17,34,55,122,229,373,464,533,508,420,263,102,67,492,366,309,173,67,18,5,9,37,155,319,394,0,0,2,9,35,92,132,114,66,10,0,0,7,0,2,28,31,30,31,31,30,31,1,0,14,3,0,0,0,0,0,0,0,0,0,1,34,45,77,112,142,153,158,141,109,79,48,35,0,0,0,0,1,0,0,0,0,0,0,0,59,60,58,55,60,63,64,65,63,59,56,62,16.89,17.91,12.77,11.17,3.73,7.3,5.66,2.7,3.01,6.48,9.43,19.08,0.263999998569489,0.748799979686737,0.748799979686737,0.621599972248077,0.219600006937981,0.264400005340576,0.442999988794327,0.219600006937981,0.748799979686737,106.875,-84.375,282,1.09340429277131,11.2165937423706,1186.93994140625,14.9899997711182,0.239999994635582,20.6499996185303,164.770004272461,52398,37314,74,155,7,39.2099990844727,116.389999389648,4999,158.320007324219,54.0099983215332,158.25,2,0.999800026416779,0.000199999994947575,0,0,0,0,0,0,0,0,0,1.10000002384186,11,5.19999980926514,4.69999980926514,4.80000019073486,47,33,80.5
"SRR15815774",35.68394,-82.20209,678,13.6,23.4,2.9,20.5,1566,692,15.1,33.8,113,293,181,56,58.13,77,3413,2182,577,1942,-23.1,37.1,1153,15.5,227,8,61,8.8,11.6,15.3,20.6,24.5,27.9,29.3,28.2,25.8,20.9,14.9,11.5,-3.1,-1.1,2.1,6.1,11.3,15.1,17.4,16.5,13.7,7.4,1,-0.2,2.9,5.2,8.7,13.4,17.9,21.5,23.4,22.4,19.8,14.1,8,5.7,110,114,105,157,154,123,153,128,134,134,115,139,10.4,11.9,15.8,19.8,19.3,22.2,19.5,17.9,15.2,14.1,10.8,9.3,34,17,6,0,0,0,0,0,0,0,5,15,41,61,137,253,400,494,569,539,444,284,116,76,471,354,290,151,51,12,3,6,29,136,301,379,0,0,2,12,47,111,169,138,82,14,1,0,8,0,4,29,31,30,31,31,30,31,1,0,6,1,0,0,0,0,0,0,0,0,0,0,35,47,78,115,144,157,161,142,110,80,48,36,0,0,0,0,0,34,8,14,0,0,0,0,59,58,58,56,61,63,66,66,64,59,56,61,8.87,8.01,4.73,6.76,4.66,-0.48,1.93,0.28,2.25,4.55,6.07,10.5,0.277599990367889,0.769999980926514,0.769999980926514,0.690400004386902,0.387600004673004,0.312999993562698,0.539000004529953,0.277599990367889,0.769999980926514,95,-49,373,1.10079189269949,9.20515251159668,1182.03002929688,19.3700008392334,0.109999999403954,20.3500003814697,140.059997558594,52758,37341,80,156,7,39.810001373291,40.6199989318848,4943.080078125,157.509994506836,114.01000213623,165.75,4,1,0,0,0,0,0,0,0,0,0,0,1,14,5.40000009536743,4.90000009536743,4.80000019073486,54,28,124.400001525879
"SRR15815776",37.45515,-80.47643,844,10.4,21.2,-1.4,22.6,1349,610,15.1,34.8,123,286,163,58,62.85,219,2605,3069,317,1401,-26.6,34.9,929,14.7,207,38,64,3.4,6.2,10.1,16.4,21,24.5,26.7,25.1,22.6,16.9,10.3,6.8,-6.2,-4.5,-1.3,3.7,9.5,13.2,15.8,14.7,12,5.8,-1,-2.7,-1.4,0.9,4.4,10,15.2,18.9,21.2,19.9,17.3,11.3,4.7,2,80,100,105,141,141,129,112,105,123,118,87,108,9.7,11,15.4,19.2,18.9,21.4,19,17.2,14.1,12.3,9.5,8.3,93,49,20,2,0,0,0,0,0,1,14,40,15,22,55,160,318,416,502,462,369,200,55,31,603,475,424,239,107,32,9,18,61,210,399,493,0,0,0,4,20,62,108,78,40,5,0,0,4,0,0,20,31,30,31,31,30,30,0,0,20,11,1,0,0,0,0,0,0,0,1,4,0,33,59,93,123,137,144,123,93,63,36,25,0,0,0,0,0,8,32,18,0,0,0,0,63,61,61,60,65,66,68,69,68,65,62,66,7.35,8.68,7.73,7.33,5.59,2.62,-0.22,0.23,3.29,5.18,5.83,9.22,0.276600003242493,0.681599974632263,0.794399976730347,0.677999973297119,0.213799998164177,0.262600004673004,0.477299988269806,0.213799998164177,0.794399976730347,121.5,-117,284,1.11469908410418,11.7139387130737,1067.41003417969,30.3199996948242,-0.0399999991059303,22,106.720001220703,39913.5,27720,40,141,6,29.7199993133545,29.7199993133545,5050.669921875,150.669998168945,149.130004882812,98,2,1,0,0,0,0,0,0,0,0,0,0,1.10000002384186,20,9.19999980926514,5.5,4.69999980926514,37,42,164.399993896484
"SRR15815778",37.47304,-80.86645,528,12.1,23,0.2,22.8,1104,508,20,45.3,119,289,170,185,23.25,144,3062,2629,496,1739,-25,37.3,1073,15,215,16,61,5.3,8.6,12.7,19.1,23.7,27,29,27.6,25.3,19.5,12.9,8.8,-4.9,-3.1,-0.1,4.5,10.4,14.2,16.9,15.8,13.1,6.3,-0.3,-1.6,0.2,2.8,6.3,11.8,17,20.6,23,21.7,19.2,12.9,6.3,3.6,70,88,88,114,114,105,106,90,93,89,63,84,9.2,11.2,15.4,19.5,19.7,22.2,20.2,18.2,15.1,12.7,9.3,7.9,65,31,12,1,0,0,0,0,0,0,8,27,21,34,86,206,373,467,557,517,426,247,81,46,554,422,365,195,67,17,4,8,35,169,351,444,0,0,1,8,37,94,156,120,70,9,0,0,6,0,0,25,31,30,31,31,30,31,0,0,10,3,0,0,0,0,0,0,0,0,0,1,26,38,68,106,139,152,159,138,105,72,41,29,0,0,0,0,25,47,53,48,12,0,0,0,62,59,58,55,60,62,65,65,64,59,57,64,5.95,6.77,4.85,3.32,1.26,-1.48,-2.44,-2.97,-1.41,0.94,2.25,6.22,0.250800013542175,0.662800014019012,0.705999970436096,0.49439999461174,0.310400009155273,0.253600001335144,0.402400001883507,0.250800013542175,0.705999970436096,51.375,-13.625,133,1.17782390272716,10.3010864257812,1140.25,35.8400001525879,-0.180000007152557,22.6000003814697,94.879997253418,45243,36180,51,155,7,32.060001373291,33.5900001525879,5342.64013671875,159.940002441406,158.949996948242,141,6,0.964699983596802,0.0348000004887581,0,0,0.000500000023748726,0,0,0,0,0,0,1.29999995231628,11,6,4.69999980926514,5.30000019073486,19,54,100.699996948242
"SRR15815780",37.32221,-81.41456,676,11.9,22.3,0.4,21.9,1236,562,17.7,39.7,118,291,173,95,41.71,142,2982,2647,439,1665,-24.6,36.1,1024,14.9,218,17,64,5.3,8.2,12.1,18.5,22.8,26.1,27.9,26.6,24.4,18.9,12.3,8.5,-4.6,-2.9,0.2,4.9,10.7,14.2,16.7,15.7,13.2,7,0.4,-1.1,0.4,2.6,6.1,11.7,16.8,20.1,22.3,21.1,18.8,12.9,6.4,3.7,75,103,99,129,129,111,130,99,93,99,68,101,9.4,11.1,15.5,19.4,19.5,21.6,19.7,17.8,14.8,12.5,9.3,8.1,62,33,12,1,0,0,0,0,0,0,8,26,22,32,81,203,366,452,536,499,414,247,82,47,548,427,371,198,70,21,5,10,39,169,348,441,0,0,1,7,34,84,135,107,63,9,0,0,6,0,0,27,31,30,31,31,30,31,0,0,10,4,0,0,0,0,0,0,0,0,0,1,26,37,65,103,132,145,150,130,100,69,39,28,0,0,0,0,3,34,20,31,7,0,0,0,63,61,61,58,63,65,67,68,66,63,61,67,6.42,8.35,6.18,5.18,3.46,-0.15,0.9,-1.26,-0.7,2.4,2.97,7.96,0.224800005555153,0.717599987983704,0.764800012111664,0.594799995422363,0.183799996972084,0.1925999969244,0.409800000488758,0.183799996972084,0.764800012111664,59,-49.5,146,1.15724451035444,11.7556066513062,1121.40002441406,28.9699993133545,-0.0700000002980232,22.2999992370605,107.150001525879,43873.5,35194.5,49,152,7,31.8999996185303,49.1100006103516,5222.27978515625,156.330001831055,155.75,130.5,4,1,0,0,0,0,0,0,0,0,0,0,1.20000004768372,18,8.10000038146973,4.90000009536743,5,21,49,121.800003051758
"SRR15815782",37.37167,-81.92333,529,12.4,23.1,0.6,22.5,1263,573,17.7,40.3,118,289,170,130,35.58,131,3142,2545,524,1798,-24.9,37.5,1100,15.2,214,16,60,6.2,9.2,13.5,19.7,24.1,27.4,29.1,28,25.8,20.1,13.4,9.4,-5,-3,-0.2,4.3,10.5,14.3,17.2,16,13.4,6.5,-0.3,-1.3,0.6,3.1,6.7,12,17.3,20.9,23.1,22,19.6,13.3,6.6,4,79,112,102,130,118,107,134,109,105,97,67,103,9.1,11.4,15.6,19.7,19.9,22.3,20.4,18.5,15.4,12.9,9.4,7.9,59,29,10,1,0,0,0,0,0,0,8,24,23,37,93,211,382,476,560,526,438,259,86,51,542,413,352,190,61,15,3,7,31,158,342,431,0,0,1,8,40,99,159,127,78,11,0,0,6,0,0,24,31,30,31,31,30,31,0,0,10,4,0,0,0,0,0,0,0,0,0,1,28,40,71,110,142,155,158,140,108,75,43,30,0,0,0,0,24,48,24,31,3,0,0,0,59,58,56,53,59,62,66,65,63,58,56,63,6.66,8.96,5.81,4.46,1.34,-1.66,0.38,-1.42,-0.58,1.36,2.38,7.89,0.241999998688698,0.760399997234344,0.782400012016296,0.684800028800964,0.294400006532669,0.270599991083145,0.489600017666817,0.241999998688698,0.782400012016296,30.625,-19.625,74,1.125663131038,10.6317272186279,1164.78002929688,27.9400005340576,-0.0199999995529652,22.6000003814697,115.48999786377,46678.5,37179,56,160,7,33.2799987792969,51.0999984741211,5402.10986328125,161.880004882812,161.649993896484,156,4,0.989000022411346,0.0105999996885657,0,0,0.000300000014249235,9.99999974737875e-05,0,0,0,0,0,1.10000002384186,17,5.59999990463257,4.30000019073486,5.09999990463257,34,47,77.8000030517578
"SRR15815784",37.59804,-81.50631,540,12.2,22.9,0.3,22.6,1351,611,16.4,37.5,118,290,172,80,48.15,143,3085,2609,502,1760,-24.8,37.3,1069,15,216,20,61,5.4,8.5,12.8,19.4,23.8,27.1,28.8,27.7,25.3,19.3,12.8,8.7,-4.8,-3.2,-0.1,4.6,10.7,14.3,17,15.9,13.3,6.8,-0.1,-1.4,0.3,2.6,6.4,12,17.2,20.7,22.9,21.8,19.3,13.1,6.4,3.6,89,112,108,134,141,116,147,109,98,106,74,117,9.1,11.2,15.5,19.5,19.8,22.3,20.2,18.3,15.1,12.5,9.3,7.8,64,33,11,1,0,0,0,0,0,0,8,27,22,32,87,211,379,470,554,520,429,253,82,46,551,427,362,190,63,16,4,7,34,163,348,444,0,0,1,8,39,96,153,123,72,10,0,0,6,0,0,26,31,30,31,31,30,31,0,0,13,5,0,0,0,0,0,0,0,0,0,2,26,38,68,108,139,152,156,138,104,71,41,28,0,0,0,0,0,36,9,29,6,0,0,0,62,59,58,55,61,62,66,65,64,61,58,65,7.82,9.21,6.79,5.12,3.95,-0.46,1.91,-1.15,-0.85,2.88,3.39,9.54,0.296999990940094,0.598800003528595,0.684800028800964,0.566799998283386,0.285199999809265,0.307599991559982,0.437199994921684,0.285199999809265,0.684800028800964,44.375,-44.375,78,1.14942960748184,13.4088325500488,1127.13000488281,26.8199996948242,0,22.7000007629395,114.650001525879,44434.5,35694,47,155,7,31.4599990844727,48.7099990844727,5307.7998046875,157.619995117188,157.809997558594,134.5,13,0.925800025463104,0.0458000004291534,0,0.00439999997615814,0.00989999994635582,0.0141000002622604,0,0,0,0,0,1.20000004768372,15,5.30000019073486,4.59999990463257,5.09999990463257,29,48,85.5
"SRR15815786",38.14901,-79.76888,629,10.6,21.6,-1.3,22.9,1197,564,17.2,38.3,125,283,159,98,40.95,214,2678,3017,349,1463,-27.2,35.9,987,14.7,199,32,60,4.1,7,10.8,17.4,22.3,25.6,27.7,26.1,23.7,18.1,11.3,7.3,-6.7,-4.9,-1.9,2.9,9.1,13,15.5,14.3,11.4,5.2,-1.5,-3.1,-1.3,1,4.4,10.1,15.7,19.3,21.6,20.2,17.6,11.7,4.9,2.1,75,85,91,120,128,134,110,96,96,98,75,89,9.3,11.1,15.3,19.3,19,21.9,19.3,17.5,14.5,12.6,9.3,8,91,48,20,2,0,0,0,0,0,1,14,39,15,22,55,162,333,428,514,471,378,211,57,32,600,472,424,237,94,28,7,16,56,200,393,490,0,0,0,4,24,69,117,85,44,6,0,0,4,0,0,13,31,30,31,31,30,29,0,0,18,9,1,0,0,0,0,0,0,0,1,3,0,35,61,99,133,145,153,131,100,67,37,26,0,0,0,0,5,11,43,35,4,0,0,0,59,57,57,55,60,63,64,65,63,60,57,63,6.79,7.04,6.14,4.63,3.35,2.25,-1.34,-1.56,-0.34,2.45,4.29,7.24,0.242799997329712,0.673200011253357,0.778400003910065,0.620800018310547,0.250400006771088,0.235400006175041,0.435600012540817,0.235400006175041,0.778400003910065,47,-45.75,143,1.14584289063211,14.1771879196167,1129.84997558594,33.1300010681152,-0.0599999986588955,22.7000007629395,105.339996337891,43032,34803,48,148,7,30.7700004577637,30.7700004577637,5451.66015625,161.199996948242,160,127.5,3,0.999599993228912,0,0,0,0.00039999998989515,0,0,0,0,0,0,1.10000002384186,13,9,5,4.80000019073486,28,46,151.100006103516
"SRR15815788",33.69696,-85.60015,351,16,25.6,5.1,20.5,1524,532,17.1,48.1,96,307,211,243,39.82,40,4182,1634,938,2541,-19.9,39.4,1275,16.2,274,4,61,11.2,14.2,18.4,23,26.5,30,31.3,30.9,28.7,23.5,17.3,13.7,-1,1.7,5,8.7,13.2,17.9,19.9,19.1,16.2,9.8,3.5,2.2,5.1,7.9,11.7,15.8,19.9,24,25.6,25,22.4,16.6,10.4,7.9,148,177,146,160,114,133,107,89,89,83,108,170,10,12.4,16.5,20.4,21,22.1,21.7,19.7,16.8,14.1,10.5,8.9,19,8,2,0,0,0,0,0,0,0,2,8,69,110,217,325,460,569,637,619,521,360,174,121,403,279,200,90,27,4,1,2,12,76,229,311,0,1,7,27,83,183,236,218,143,34,4,2,12,1,28,30,31,30,31,31,30,31,16,4,4,0,0,0,0,0,0,0,0,0,0,0,43,56,92,126,155,164,168,155,124,92,57,43,0,0,0,0,41,31,61,66,35,9,0,0,59,60,58,57,61,65,67,66,64,59,57,63,11.7,12.87,7.23,6.16,-0.22,-0.19,-3.39,-5.1,-3.86,-1.65,3.82,12.46,0.245399996638298,0.604399979114532,0.582400023937225,0.519999980926514,0.274399995803833,0.252400010824203,0.397199988365173,0.245399996638298,0.604399979114532,10.125,-2.125,41,1.14609075841909,10.9292993545532,1326.22998046875,29.2099990844727,0.0900000035762787,20.9500007629395,151.610000610352,65322,58525.5,103,187,9,47.7999992370605,129.25,5181.85009765625,171.580001831055,64.5400009155273,247.75,4,0.998000025749207,0.0020000000949949,0,0,0,0,0,0,0,0,0,1.29999995231628,7,2.70000004768372,4.19999980926514,5.09999990463257,45,38,47.5
"SRR15815790",33.64558,-85.63894,320,16.2,25.8,5.2,20.6,1514,530,17.3,48.7,96,305,209,259,35.8,38,4227,1607,962,2577,-20,39.7,1295,16.3,270,4,60,11.5,14.6,18.8,23.3,26.8,30.3,31.6,31.2,29,23.7,17.7,14.1,-1,1.7,4.9,8.5,13.1,18,19.9,19.2,16.2,9.6,3.2,2.1,5.2,8.2,11.9,15.9,20,24.1,25.8,25.2,22.6,16.6,10.4,8.1,147,176,146,158,115,134,107,87,87,82,107,168,9.9,12.6,16.5,20.5,21.2,22.1,21.9,19.9,16.9,14.2,10.6,8.9,19,7,2,0,0,0,0,0,0,0,2,8,71,116,223,328,463,572,643,625,527,360,174,126,400,270,195,88,26,4,1,1,12,76,229,304,0,2,8,28,85,186,242,224,147,34,4,2,12,1,27,30,31,30,31,31,30,31,13,4,3,0,0,0,0,0,0,0,0,0,0,0,43,57,94,128,158,166,171,157,126,93,58,44,0,0,0,0,43,32,64,70,39,11,0,0,59,59,57,56,60,65,67,66,63,58,55,61,11.47,12.54,6.98,5.69,-0.41,-0.36,-3.72,-5.57,-4.35,-1.95,3.44,12.04,0.201399996876717,0.608399987220764,0.620000004768372,0.51639997959137,0.294999986886978,0.238800004124641,0.405699983239174,0.201399996876717,0.620000004768372,19.75,8.5,88,1.1531832808842,10.1766633987427,1339.43005371094,30.8299999237061,0.0700000002980232,21.0499992370605,148.809997558594,66204,59251.5,106,190,9,48.5099983215332,130.399993896484,5212.669921875,173.130004882812,65.4400024414062,255.75,13,0.915499985218048,0.0688999965786934,0,0,0.00800000037997961,0.00760000012814999,0,0,0,0,0,1.29999995231628,8,3,4.09999990463257,5.19999980926514,43,41,45
"SRR15815792",33.25021,-85.33551,325,16.6,26,6.2,19.8,1513,553,17.6,47,91,311,220,247,31.61,31,4375,1485,1015,2681,-19,39.7,1324,16.4,287,3,60,12.6,15.4,19.4,23.7,27.4,30.8,31.9,31.4,29.3,24.3,18,14.7,-0.1,2.4,5.4,8.8,13.4,18.2,20.2,19.5,16.5,10.3,3.9,2.7,6.2,8.9,12.4,16.2,20.4,24.5,26,25.4,22.9,17.3,10.9,8.7,143,169,128,151,104,134,114,113,88,86,111,172,10.1,12.7,16.6,20.5,21.3,22.3,21.9,19.9,17,14.4,10.6,9.1,14,6,2,0,0,0,0,0,0,0,2,7,88,131,237,336,475,584,649,631,536,381,186,140,369,251,182,81,23,3,1,1,10,63,214,286,1,2,9,30,93,198,248,230,154,42,5,2,14,3,29,30,31,30,31,31,30,31,20,7,2,0,0,0,0,0,0,0,0,0,0,0,46,60,97,130,162,170,172,158,128,96,59,46,0,0,0,0,58,36,58,45,40,10,0,0,59,59,57,56,59,64,67,66,63,58,56,61,10.48,11.26,4.88,4.73,-2.02,-0.87,-3.26,-3.08,-4.47,-1.87,3.78,12.03,0.319999992847443,0.654399991035461,0.654399991035461,0.572799980640411,0.372399985790253,0.294400006532669,0.472599983215332,0.294400006532669,0.654399991035461,11.375,-7.375,31,1.14711858738096,13.5614347457886,1368.09997558594,28.6800003051758,0.0500000007450581,20.3500003814697,150.440002441406,68022,68022,115,189,9,51.0699996948242,131.389999389648,5207.5498046875,175.020004272461,68.2900009155273,269.75,4,0.996999979019165,0.0020000000949949,0,0,0.00100000004749745,0,0,0,0,0,0,1.29999995231628,7,2.70000004768372,4.40000009536743,5.09999990463257,47,34,45
"SRR15815796",33.6094,-85.72067,226,16.7,26.2,5.9,20.3,1468,519,18.2,50.5,92,309,217,283,28.31,33,4390,1501,1040,2705,-19.2,40,1318,16.3,282,3,60,12.2,15.2,19.4,23.8,27.3,30.9,32.1,31.7,29.5,24.2,18.2,14.6,-0.4,2.2,5.5,9,13.6,18.5,20.4,19.7,16.8,10.1,3.6,2.6,5.9,8.7,12.4,16.4,20.4,24.7,26.2,25.7,23.1,17.1,10.9,8.6,142,168,142,154,108,131,106,91,83,81,102,160,9.8,12.6,16.6,20.5,21.4,22.1,22.2,20.2,17.1,14.2,10.6,8.8,15,6,2,0,0,0,0,0,0,0,2,7,83,127,237,342,475,590,656,640,542,375,186,138,379,256,182,77,23,3,1,1,10,66,214,289,1,2,9,32,93,204,255,239,159,40,5,2,13,2,30,30,31,30,31,31,30,31,17,7,3,0,0,0,0,0,0,0,0,0,0,0,45,59,96,130,160,169,173,159,127,95,60,45,0,0,0,0,52,38,67,68,44,14,0,0,59,59,57,56,60,65,67,66,63,58,55,61,10.64,11.37,6.38,5.11,-1.31,-1,-4.05,-5.41,-4.92,-2.23,2.78,10.96,0.243599995970726,0.660399973392487,0.667200028896332,0.561600029468536,0.270799994468689,0.254000008106232,0.416200011968613,0.243599995970726,0.667200028896332,21.375,-1.625,61,1.14850893668712,12.36279296875,1355.43005371094,29.3099994659424,0.0399999991059303,21.0499992370605,145.300003051758,68238,60967.5,110,195,9,49.2999992370605,131.539993286133,5253.72998046875,174.869995117188,66.5100021362305,269.75,18,0.898599982261658,0.0421999990940094,0,0.0105999996885657,0.0166999995708466,0.0219999998807907,0,0.00989999994635582,0,0,0,1.29999995231628,7,2.79999995231628,4.19999980926514,5.19999980926514,41,42,44.0999984741211
"SRR15815798",33.56522,-86.69136,246,17.3,26.8,6.5,20.3,1543,576,17.7,46.5,78,318,240,193,39.58,29,4588,1401,1151,2882,-17.7,40,1278,16.1,311,2,64,12.2,15.1,19.4,23.6,27.4,31.2,32.1,31.7,29.6,24.4,17.7,14.2,0.8,3.4,6.8,10.3,14.9,19.7,21.4,20.9,18,11.6,4.7,3.5,6.5,9.2,13.1,17,21.1,25.4,26.8,26.3,23.8,18,11.2,8.8,132,162,143,166,108,125,132,119,92,89,108,167,9.8,12.3,16.5,20.2,21.3,21.6,22,19.9,17,14,10.3,8.7,13,6,2,0,0,0,0,0,0,0,2,7,93,138,258,360,496,611,674,659,562,402,192,143,360,242,163,66,18,2,1,1,8,51,206,283,1,2,11,38,109,224,273,258,174,53,5,3,16,10,31,30,31,30,31,31,30,31,26,14,2,0,0,0,0,0,0,0,0,0,0,0,44,57,93,126,155,166,167,153,124,93,57,43,0,0,0,0,47,41,35,34,32,4,0,0,63,62,61,60,63,67,70,69,66,62,59,65,9.58,10.79,6.76,6.82,-0.96,-1.41,-0.94,-2.01,-3.63,-1.18,3.89,11.89,0.2466000020504,0.57039999961853,0.722400009632111,0.563199996948242,0.361999988555908,0.366400003433228,0.464800000190735,0.2466000020504,0.722400009632111,23.625,-16.625,78,1.13300980719963,11.1098775863647,1320.13000488281,25.6200008392334,0.0700000002980232,21.1000003814697,150.429992675781,70056,70056,109,203,9,48.2099990844727,128.089996337891,5128.56982421875,170.419998168945,64.6900024414062,281.5,37,0.800300002098083,0.0110999997705221,0,0,0.162300005555153,0.0263000000268221,0,0,0,0,0,1.20000004768372,10,3.09999990463257,4.30000019073486,5.40000009536743,42,39,49.2999992370605
"SRR15815800",32.83761,-86.39565,169,17.9,27,7.4,19.6,1529,579,18.2,46.6,73,321,248,239,28.35,22,4798,1236,1221,3038,-17.4,40.5,1360,16.5,322,2,62,13.8,16.9,20.8,24.7,28.1,31.7,32.7,32.5,30.4,25.4,19.1,15.8,1,3.9,7.4,10.5,14.7,19.7,21.3,20.7,18,11.7,5.2,3.8,7.4,10.4,14.1,17.6,21.4,25.7,27,26.6,24.2,18.5,12.2,9.8,143,176,137,149,117,133,121,118,90,82,99,164,9.8,12.9,16.7,20.5,21.8,21.9,22.6,20.5,17.4,14.4,10.7,8.9,10,4,1,0,0,0,0,0,0,0,1,5,112,166,288,378,505,620,680,668,574,418,221,168,333,209,136,56,16,2,1,1,7,44,181,252,2,3,16,45,115,233,279,267,188,61,8,4,16,16,31,30,31,30,31,31,30,31,28,17,1,0,0,0,0,0,0,0,0,0,0,0,50,64,101,133,163,171,174,162,131,99,63,49,0,0,0,0,46,38,53,44,41,17,0,0,59,59,59,58,61,66,68,67,64,60,57,62,9.84,11.06,5.4,4.31,-0.76,-1.12,-2.76,-3.12,-4.65,-2.65,2.27,10.54,0.287200003862381,0.609200000762939,0.609200000762939,0.447200000286102,0.287400007247925,0.229000002145767,0.367300003767014,0.229000002145767,0.609200000762939,18.375,10.875,50,1.15015320208597,10.403112411499,1372.18994140625,29.5300006866455,0.0399999991059303,20,152.699996948242,72810,72810,123,201,9,52.6800003051758,132.259994506836,5071.1298828125,173.320007324219,69.6500015258789,302,2,0.965799987316132,0.030799999833107,0,0,0,0.00340000004507601,0,0,0,0,0,1.29999995231628,8,2.5,4.5,5.30000019073486,46,32,40.5
"SRR15815802",32.39819,-86.79017,73,18.7,27.6,8.3,19.3,1490,578,19.3,47.8,58,328,270,258,22.67,17,5075,1096,1370,3278,-15.9,40.8,1378,16.6,345,1,63,14.5,17.7,21.5,25,28.9,32.2,33.1,33,31.1,26.2,19.8,16.5,2.2,5.3,8.4,11.5,15.8,20.6,22,21.7,19.1,12.6,6.1,4.7,8.3,11.5,14.9,18.2,22.4,26.4,27.6,27.4,25.1,19.4,12.9,10.6,131,166,142,145,118,123,130,112,95,74,89,165,9.7,12.8,16.8,20.4,22.1,21.6,22.9,20.8,17.6,14.5,10.6,8.9,8,3,1,0,0,0,0,0,0,0,1,4,133,190,313,395,535,641,699,692,601,445,242,189,305,186,115,47,12,2,0,0,5,33,163,227,2,5,21,53,139,253,298,292,215,78,10,5,19,27,31,30,31,30,31,31,30,31,30,25,1,0,0,0,0,0,0,0,0,0,0,0,51,65,103,133,166,171,175,163,133,102,65,51,0,0,0,0,48,48,45,51,38,28,0,0,60,61,60,60,62,67,69,68,66,60,58,63,8.21,9.94,5.72,4.06,-0.96,-2.14,-1.85,-3.68,-4.33,-3.79,1.08,10.41,0.300000011920929,0.656799972057343,0.665600001811981,0.559599995613098,0.343400001525879,0.425599992275238,0.492599993944168,0.300000011920929,0.665600001811981,12,5.75,46,1.14233896864485,11.2189826965332,1377.21997070312,32.2700004577637,-0.0199999995529652,19.3999996185303,149.470001220703,77526,77526,136,214,9,54.4900016784668,99.9700012207031,4978.7099609375,172.899993896484,99.9100036621094,342,4,0.99370002746582,0.0019000000320375,0,0,9.99999974737875e-05,0,0,0.00430000014603138,0,0,0,1.29999995231628,7,2.5,4.69999980926514,5.40000009536743,43,35,44.2999992370605
"SRR15815804",33.32308,-86.75564,236,17.7,27,7,20,1558,573,17.8,47.1,68,324,256,196,40.87,25,4726,1306,1208,2989,-16.8,40,1278,16.1,330,2,65,12.6,15.5,19.6,23.9,27.5,31.3,32.2,31.8,29.8,24.5,18,14.5,1.3,4.1,7.6,10.9,15.4,20.1,21.7,21.2,18.6,12.2,5.5,4.3,7,9.8,13.6,17.4,21.4,25.7,27,26.5,24.2,18.4,11.8,9.4,134,177,143,166,108,135,125,118,87,86,107,172,9.8,12.2,16.5,20.1,21.3,21.4,22.1,20,17,13.8,10.3,8.7,11,5,1,0,0,0,0,0,0,0,1,6,103,152,273,372,505,620,680,665,574,415,209,158,345,226,149,59,16,2,1,1,7,45,191,264,1,3,13,43,115,233,279,264,188,59,7,3,17,18,31,30,31,30,31,31,30,31,29,22,2,0,0,0,0,0,0,0,0,0,0,0,45,58,93,126,154,165,167,153,124,92,58,43,0,0,0,0,46,30,42,35,37,6,0,0,63,63,63,61,65,68,70,70,68,63,61,67,9.56,12.01,6.82,6.75,-0.86,-0.32,-1.59,-2.06,-4.07,-1.36,3.78,12.21,0.221399992704391,0.552799999713898,0.618399977684021,0.467999994754791,0.373199999332428,0.355800002813339,0.42059999704361,0.221399992704391,0.618399977684021,43.25,2,115,1.1572083314496,9.45427417755127,1335.19995117188,28.6599998474121,0.0799999982118607,20.9500007629395,153.470001220703,70434,70434,111,201,9,49.3400001525879,129.179992675781,5138.759765625,171.850006103516,65.8099975585938,281.75,20,0.987500011920929,0.00279999990016222,0,0,0.00800000037997961,0.00170000002253801,0,0,0,0,0,1.29999995231628,11,3.09999990463257,4.40000009536743,5.30000019073486,43,38,46.9000015258789
"SRR15815806",31.39853,-87.85067,63,19,27.3,8.9,18.4,1630,715,17.8,38.2,59,327,269,129,30.74,14,5146,1020,1372,3329,-15.9,40.5,1440,17,345,1,61,15.6,18.7,22.6,25.7,29.5,32.3,33,33,31.2,26.7,20.7,17.6,2.2,5.2,8.4,11.3,15.5,20.3,21.6,21.4,19.1,12.5,6.1,4.8,8.9,11.9,15.5,18.5,22.5,26.3,27.3,27.2,25.1,19.6,13.4,11.2,130,161,127,152,124,176,148,150,117,91,85,169,10.1,13.5,17.2,20.8,22.5,22,23.1,21,17.8,15,11.1,9.3,7,3,1,0,0,0,0,0,0,0,1,3,148,199,331,404,538,638,689,686,601,451,256,204,286,176,101,43,11,2,0,1,5,31,150,214,3,6,26,57,141,250,288,286,215,82,12,6,19,27,31,30,31,30,31,31,30,31,30,26,1,0,0,0,0,0,0,0,0,0,0,0,57,71,112,140,173,175,177,166,135,108,70,56,0,0,0,0,49,0,29,16,18,17,0,0,58,58,57,58,60,66,68,67,65,59,56,60,7.39,8.81,3.4,4.08,-1.12,2.89,-0.12,-0.03,-2.23,-2.59,0.07,10.2,0.317200005054474,0.607599973678589,0.678399980068207,0.54040002822876,0.366200000047684,0.363999992609024,0.453300014138222,0.317200005054474,0.678399980068207,12,-12,24,1.14833431515654,14.0730743408203,1469.72998046875,22.9899997711182,0.0599999986588955,18.3999996185303,172.410003662109,79452,79452,150,205,11,61.6199989318848,108.309997558594,4970.14013671875,178.949996948242,78.9499969482422,355,2,0.991500020027161,0.008500000461936,0,0,0,0,0,0,0,0,0,1.29999995231628,3,2.90000009536743,3.40000009536743,5.09999990463257,41,40,46.2000007629395
"SRR15815808",31.73183,-87.36729,117,18.9,27.1,8.9,18.2,1508,620,19.2,43.7,54,330,275,201,24.84,15,5108,1030,1344,3295,-15.2,40,1380,16.6,350,1,63,15.1,18.3,21.9,25.1,28.9,31.8,32.5,32.5,30.8,26.2,20.2,17,2.7,5.6,8.7,11.7,15.9,20.6,21.8,21.6,19.2,12.8,6.4,5.3,8.9,11.9,15.3,18.4,22.4,26.2,27.1,27,25,19.5,13.3,11.2,127,164,126,141,108,147,130,132,103,77,82,171,10,13.2,17,20.5,22.1,21.4,22.6,20.6,17.6,14.6,10.9,9.2,7,3,1,0,0,0,0,0,0,0,1,3,147,199,324,401,535,635,683,680,598,448,253,204,286,176,106,44,12,2,0,1,5,32,153,214,3,6,24,56,139,247,282,279,212,79,12,6,20,28,31,30,31,30,31,31,30,31,30,28,1,0,0,0,0,0,0,0,0,0,0,0,54,68,106,134,166,168,170,159,132,103,67,53,0,0,0,0,58,21,40,27,29,26,0,0,60,60,60,60,62,68,70,69,67,61,58,63,7.38,9.4,3.86,3.58,-1.98,0.7,-1.24,-1.15,-3.18,-3.48,0.13,10.82,0.395000010728836,0.567200005054474,0.61760002374649,0.532000005245209,0.404799997806549,0.450399994850159,0.491200000047684,0.395000010728836,0.61760002374649,11.625,4.375,30,1.14403619762368,13.2236633300781,1441.69995117188,28.1399993896484,0.0299999993294477,19.1000003814697,159.860000610352,76968,76968,141,203,9,59.0299987792969,105.650001525879,5003.77978515625,177.740005493164,76.4300003051758,335.5,2,0.999400019645691,0,0,0,0,0.000600000028498471,0,0,0,0,0,1.29999995231628,5,2.40000009536743,3.90000009536743,5.09999990463257,56,25,40
"SRR15815810",32.58923,-85.88501,124,18.1,27,7.7,19.3,1548,602,18.2,44.9,69,323,254,206,31.7,20,4848,1199,1239,3076,-17.1,40.3,1356,16.5,329,1,62,14,17,21,24.6,28.2,31.6,32.6,32.4,30.2,25.4,19.3,16.1,1.3,4.2,7.5,10.6,15,19.8,21.5,21,18.4,12.1,5.5,4,7.7,10.6,14.2,17.6,21.6,25.7,27,26.7,24.3,18.8,12.4,10.1,138,177,131,148,115,144,131,121,91,85,96,171,9.9,12.8,16.7,20.5,21.7,21.8,22.5,20.4,17.3,14.4,10.6,9,9,4,1,0,0,0,0,0,0,0,1,5,119,170,292,378,511,620,680,671,577,427,227,176,323,203,133,56,15,2,1,1,6,40,176,243,2,4,17,45,120,233,279,270,191,66,8,4,17,19,31,30,31,30,31,31,30,31,29,19,1,0,0,0,0,0,0,0,0,0,0,0,51,64,102,133,163,170,172,160,129,99,63,50,0,0,0,0,48,26,41,39,38,14,0,0,59,60,59,58,62,66,69,68,66,61,57,62,9.23,11.19,4.72,4.38,-0.89,0.23,-1.45,-2.46,-4.07,-2.17,1.94,11.06,0.278800010681152,0.653599977493286,0.673200011253357,0.542400002479553,0.350800007581711,0.39520001411438,0.468800008296967,0.278800010681152,0.673200011253357,13.125,-9.125,49,1.15435144325292,11.3861322402954,1374.18005371094,29.8999996185303,0.0299999993294477,19.5499992370605,155.110000610352,74592,74592,129,204,9,54.0999984741211,131.300003051758,4939.47998046875,171.179992675781,71.2699966430664,315.75,8,0.580200016498566,0.0107000004500151,0,0,0.00300000002607703,0.00389999989420176,0,0.402200013399124,0,0,0,1.29999995231628,8,3.40000009536743,4.69999980926514,5.40000009536743,58,26,55.2000007629395
"SRR15815812",36.25186,-82.36518,732,12.8,22.8,1.7,21.1,1539,692,14.8,32.9,116,290,174,30,59.03,102,3194,2402,506,1796,-24.2,36.9,1128,15.4,219,14,60,7.5,10.4,14.3,19.6,24,27.4,28.8,27.8,25.8,20.4,14.1,10.5,-4.1,-2.1,1,5.1,10.5,14.4,16.7,15.8,12.9,6.6,-0.1,-0.9,1.7,4.2,7.7,12.4,17.2,20.9,22.8,21.8,19.4,13.5,7,4.8,116,133,112,151,142,142,172,128,108,108,96,131,9.9,11.7,15.8,19.7,19.6,22.4,19.9,18.2,15.4,13.6,10.2,8.7,46,22,8,1,0,0,0,0,0,0,7,19,30,48,114,224,379,476,551,520,432,266,94,61,508,382,321,179,63,15,4,7,33,152,331,407,0,0,2,9,38,99,150,123,74,11,0,0,7,0,1,27,31,30,31,31,30,31,0,0,10,2,0,0,0,0,0,0,0,0,0,1,32,44,75,110,142,156,159,141,111,78,46,34,0,0,0,0,0,14,0,13,3,0,0,0,59,58,57,56,60,62,65,65,62,58,55,62,9.93,10.49,6.14,6.62,3.6,1.61,4.01,0.34,-0.71,2.08,4.74,10.17,0.335200011730194,0.782800018787384,0.782800018787384,0.680400013923645,0.351599991321564,0.348600000143051,0.516000002622604,0.335200011730194,0.782800018787384,67.625,-65.625,171,1.15222462535277,11.5074710845947,1140.17004394531,21.9799995422363,0.0599999986588955,20.9500007629395,128.830001831055,50076,36112.5,66,154,7,36.0200004577637,52.9300003051758,4953.85986328125,154.610000610352,153.470001220703,143.75,12,0.995400011539459,0.00460000010207295,0,0,0,0,0,0,0,0,0,1.20000004768372,14,3.79999995231628,4.80000019073486,4.90000009536743,38,40,65.9000015258789
"SRR15815814",35.25385,-83.80933,1094,13.1,22,3,19,2058,758,11.2,29,111,295,185,0,114.22,77,3225,2250,459,1770,-22.4,35.3,1081,15.4,232,14,64,8.5,10.7,14.2,19.1,22.9,26.1,27.4,26.7,24.8,20.1,14.3,10.9,-2.5,-0.4,2.5,6.2,11.1,14.9,16.7,16,13.7,7.8,1.6,0.4,3,5.1,8.3,12.7,17,20.5,22,21.4,19.2,14,8,5.7,184,206,190,194,148,174,156,159,121,141,147,238,10.8,11.6,15.9,19.7,19.3,21.4,19.4,17.8,15,14,11,9.5,33,17,6,1,0,0,0,0,0,0,5,15,41,59,126,232,373,464,526,508,426,281,115,75,468,357,303,171,67,18,6,9,35,139,301,379,0,0,2,9,34,92,126,114,70,13,0,0,9,0,6,30,31,30,31,31,30,31,2,0,10,2,0,0,0,0,0,0,0,0,0,1,35,45,73,106,133,144,148,133,105,77,47,35,0,0,0,0,0,0,0,0,0,0,0,0,62,63,62,60,64,67,68,68,67,62,59,65,16.24,17.44,13.74,11.21,4.97,5.92,3.51,4.26,1.44,5.58,9.41,20.51,0.254799991846085,0.511600017547607,0.763199985027313,0.648400008678436,0.237399995326996,0.237399995326996,0.383200004696846,0.237399995326996,0.763199985027313,112.125,62.375,286,1.1933697991891,8.88067531585693,1087.38000488281,5.94000005722046,0.389999985694885,20.0499992370605,196.369995117188,41415,33007.5,59,140,7,35.8899993896484,106.629997253418,4584.1298828125,145.270004272461,49.3499984741211,112.25,10,1,0,0,0,0,0,0,0,0,0,0,1,10,8.39999961853027,5.59999990463257,4.80000019073486,43,37,121.800003051758
"SRR15815818",34.56487,-85.1031,285,16,25.9,4.6,21.3,1711,653,15.2,39.7,95,308,213,116,61.8,45,4182,1687,974,2566,-19.9,39.8,1243,15.9,275,5,63,10.2,13.3,17.6,22.8,26.7,30.3,31.6,31.1,28.8,23.1,16.7,12.8,-1.1,1.5,5,8.8,13.7,18.2,20.1,19.5,16.6,10.2,3.6,2.2,4.6,7.4,11.3,15.8,20.2,24.2,25.9,25.3,22.7,16.6,10.2,7.5,142,170,151,165,135,137,132,122,127,118,120,192,9.7,11.9,16.2,20.1,21,22,21.7,19.7,16.7,13.6,10.1,8.5,22,9,3,0,0,0,0,0,0,0,2,9,62,100,207,325,469,575,646,628,530,360,169,112,419,293,210,90,25,4,1,1,11,76,235,323,0,1,6,27,89,189,245,227,150,34,4,2,12,1,28,30,31,30,31,31,30,31,17,4,4,0,0,0,0,0,0,0,0,0,0,0,39,52,86,123,154,165,169,154,122,87,53,39,0,0,0,0,19,28,37,32,0,0,0,0,62,62,60,58,62,65,67,67,65,61,59,65,11.54,12.75,8.28,6.92,1.95,0.09,-1.07,-1.75,0.09,2.36,5.44,15.21,0.282799988985062,0.660000026226044,0.699199974536896,0.557600021362305,0.381199985742569,0.282000005245209,0.469400003552437,0.282000005245209,0.699199974536896,68.875,-58.375,210,1.14245343654943,10.7261867523193,1288.07995605469,25.8199996948242,0.0900000035762787,21.75,145.009994506836,63522,51930,93,188,7,43.9799995422363,126.23999786377,5284.10986328125,170.240005493164,60.1199989318848,240.25,4,1,0,0,0,0,0,0,0,0,0,0,1.20000004768372,12,3.09999990463257,4.30000019073486,5.19999980926514,28,48,51.2000007629395
"SRR15815820",34.24335,-84.67197,326,16.4,26.2,5,21.2,1651,647,16,40.5,90,313,223,114,54.64,40,4306,1602,1031,2660,-19.2,39.9,1245,15.9,287,4,64,10.7,13.8,18.1,23,27,30.5,31.9,31.2,28.8,23.1,17,13.2,-0.6,1.9,5.5,9.4,14.4,18.7,20.6,20,17,10.9,4.2,2.7,5,7.9,11.8,16.2,20.7,24.6,26.2,25.6,22.9,17,10.6,7.9,136,159,142,163,135,129,133,132,118,114,116,174,9.8,12.1,16.2,20,20.9,21.7,21.6,19.6,16.5,13.5,10.2,8.7,20,8,2,0,0,0,0,0,0,0,2,8,68,110,220,337,484,587,656,637,536,372,179,121,406,279,198,81,21,3,1,1,10,68,223,311,0,1,8,30,100,201,255,236,154,39,4,2,13,1,30,30,31,30,31,31,30,31,22,7,3,0,0,0,0,0,0,0,0,0,0,0,40,53,88,123,154,164,169,153,121,86,54,40,0,0,0,0,19,35,36,21,3,0,0,0,62,61,61,59,63,66,68,68,66,63,60,66,10.7,11.32,7.15,6.68,1.85,-0.77,-1.15,-0.68,-0.69,2.13,4.95,13.16,0.261599987745285,0.608399987220764,0.671199977397919,0.569599986076355,0.293999999761581,0.266799986362457,0.431799992918968,0.261599987745285,0.671199977397919,18.5,-1.75,68,1.15493067593508,10.2321872711182,1267.33996582031,28.7700004577637,0.0799999982118607,21.25,145.880004882812,64656,58030.5,95,190,9,44.6199989318848,122.75,5093.43017578125,165.979995727539,60.75,242.75,5,0.981000006198883,0.0136000001803041,0,0,0.0019000000320375,0.00350000010803342,0,0,0,0,0,1.29999995231628,7,2.79999995231628,4.19999980926514,5.09999990463257,36,42,45.9000015258789
"SRR15815822",33.88908,-84.93813,354,16.2,25.9,4.9,21,1561,596,16.8,43.5,93,311,218,160,45.47,41,4243,1619,982,2603,-19.9,39.5,1256,16,281,4,62,10.9,13.9,18.3,22.9,26.7,30.1,31.4,30.8,28.7,23.3,17.3,13.7,-1.1,1.5,5.1,9,13.8,18.4,20.3,19.7,16.8,10.6,4.1,2.3,4.9,7.7,11.7,15.9,20.2,24.2,25.9,25.2,22.8,17,10.7,8,139,164,131,156,118,129,122,129,98,99,110,166,9.9,12.4,16.4,20.2,20.9,21.8,21.5,19.5,16.6,13.8,10.4,8.9,20,8,2,0,0,0,0,0,0,0,2,8,67,106,218,328,469,575,646,625,533,372,181,124,409,284,200,88,25,4,1,1,11,68,220,308,0,1,7,28,89,189,245,224,152,39,5,2,12,1,28,30,31,30,31,31,30,31,21,5,4,0,0,0,0,0,0,0,0,0,0,0,42,55,91,124,154,162,167,151,122,89,56,43,0,0,0,0,36,33,45,22,24,0,0,0,60,60,59,58,62,66,68,68,65,62,59,63,10.93,11.76,5.81,5.92,0.2,-0.48,-1.81,-0.68,-2.71,0.34,4.13,12.06,0.323399990797043,0.601999998092651,0.584800004959106,0.510800004005432,0.334800004959106,0.26460000872612,0.422800004482269,0.26460000872612,0.601999998092651,18.5,10.25,63,1.13032017680177,10.2368049621582,1293.42004394531,29.0100002288818,0.0700000002980232,20.7999992370605,147.619995117188,65484,58624.5,102,190,9,46.5999984741211,125.23999786377,5087.490234375,167.449996948242,62.7900009155273,250,5,1,0,0,0,0,0,0,0,0,0,0,1.29999995231628,8,2.70000004768372,4.19999980926514,5.09999990463257,41,36,47
"SRR15815824",33.20582,-86.07947,256,16.8,26.1,6,20.1,1569,586,17.1,44.5,89,312,223,202,39.14,31,4426,1461,1043,2731,-19.2,39.8,1315,16.4,290,3,61,12.5,15.6,19.5,23.8,27.2,30.7,31.9,31.5,29.3,24.3,18.1,14.7,-0.4,2.4,5.8,9.3,13.7,18.6,20.4,19.9,16.9,10.6,4.2,2.7,6,9,12.7,16.6,20.4,24.6,26.1,25.7,23.1,17.4,11.2,8.7,150,175,142,152,111,145,123,120,87,88,106,170,10,12.9,16.6,20.5,21.3,22.1,22,20,17,14.3,10.7,9,15,6,2,0,0,0,0,0,0,0,2,7,85,134,246,348,475,587,652,640,542,384,192,140,376,248,174,73,23,3,1,1,10,61,206,286,1,2,10,34,93,201,252,239,159,44,5,3,13,3,30,30,31,30,31,31,30,31,22,7,3,0,0,0,0,0,0,0,0,0,0,0,46,60,97,130,159,167,171,157,127,95,60,46,0,0,0,0,48,22,48,37,40,7,0,0,58,58,58,57,61,65,67,67,64,59,57,61,11.28,11.77,6.36,4.96,-0.92,0.64,-2.15,-2.2,-4.3,-1.5,3.33,11.87,0.328399986028671,0.616400003433228,0.620800018310547,0.559599995613098,0.415199995040894,0.308800011873245,0.487399995326996,0.308800011873245,0.620800018310547,59.375,-51.125,243,1.19126778694512,9.62824630737305,1363.64001464844,26.7800006866455,0.0700000002980232,20.2000007629395,154.110000610352,69102,69102,116,191,9,51.3899993896484,131.860000610352,5132.89013671875,173.789993286133,68.4000015258789,276,3,0.963299989700317,0.0361000001430511,0,0,0.000500000023748726,9.99999974737875e-05,0,0,0,0,0,1.29999995231628,11,3.40000009536743,4.19999980926514,5.30000019073486,45,35,49.7000007629395
"SRR15815826",33.52661,-85.72831,317,16.1,25.6,5.3,20.3,1508,531,17.3,48.2,97,305,208,252,35.35,38,4208,1600,940,2555,-20.1,39.4,1299,16.3,270,4,60,11.7,14.9,18.9,23.3,26.7,30.2,31.4,31,28.8,23.6,17.9,14.3,-1.1,1.6,4.8,8.4,12.9,17.8,19.9,19,16.2,9.5,3.3,2.1,5.3,8.2,11.8,15.9,19.8,24,25.6,25,22.5,16.6,10.6,8.2,148,171,147,156,108,134,113,93,83,86,106,163,10,12.7,16.6,20.5,21.2,22.4,21.8,19.9,16.9,14.1,10.6,9,18,7,2,0,0,0,0,0,0,0,2,8,73,116,220,328,457,569,637,619,524,360,179,128,397,270,198,88,28,4,1,2,12,76,223,301,0,2,7,27,80,183,236,218,145,34,4,2,12,1,26,30,31,30,31,31,30,31,14,4,3,0,0,0,0,0,0,0,0,0,0,0,44,58,95,129,158,167,169,157,125,93,59,45,0,0,0,0,50,33,56,64,42,7,0,0,58,58,57,56,60,64,67,66,63,58,55,61,11.49,11.85,6.99,5.47,-1.07,-0.32,-2.87,-4.82,-4.52,-1.49,3.24,11.41,0.247999995946884,0.649200022220612,0.649200022220612,0.567600011825562,0.340400010347366,0.277599990367889,0.454000011086464,0.247999995946884,0.649200022220612,24.625,-12.125,66,1.13042595111734,10.7712717056274,1337.55004882812,30.8799991607666,0.0700000002980232,20.7999992370605,150.020004272461,67212,60076.5,109,192,9,49.0299987792969,129.990005493164,5153.25,172.029998779297,65.8399963378906,262,6,0.999700009822845,0.000300000014249235,0,0,0,0,0,0,0,0,0,1.29999995231628,8,2.70000004768372,4.30000019073486,5.09999990463257,46,38,46.0999984741211
"SRR15815828",33.92982,-85.50084,382,15.9,25.4,4.8,20.6,1534,557,16.9,45.6,96,308,212,200,43.58,44,4135,1678,923,2514,-20.3,39.1,1252,16.1,273,5,62,10.7,13.6,17.9,22.9,26.4,29.9,31,30.5,28.5,23.2,16.9,13.2,-1.2,1.3,4.9,8.7,13.4,17.9,19.7,19,16.2,10.2,3.6,1.9,4.8,7.4,11.4,15.8,19.9,23.9,25.4,24.8,22.4,16.7,10.2,7.6,142,168,141,157,112,130,109,109,97,93,105,171,9.9,12.4,16.4,20.3,20.9,22.1,21.6,19.6,16.7,13.8,10.3,8.8,21,9,3,0,0,0,0,0,0,0,2,9,65,100,209,325,460,566,631,612,521,363,169,114,412,293,208,90,27,4,1,2,12,74,235,320,0,1,7,27,83,181,230,212,143,35,4,2,12,1,27,30,31,30,31,31,30,31,17,3,4,0,0,0,0,0,0,0,0,0,0,0,41,54,89,125,153,163,166,152,123,89,55,42,0,0,0,0,41,33,57,43,26,0,0,0,60,60,59,57,62,65,68,67,64,61,58,63,11.31,12.34,7,5.91,-0.29,-0.42,-2.97,-2.71,-2.88,-0.32,3.75,12.85,0.288800001144409,0.599200010299683,0.599200010299683,0.532800018787384,0.362800002098083,0.268599987030029,0.447800010442734,0.268599987030029,0.599200010299683,48.75,4.5,211,1.14251131426302,9.70902538299561,1303.52001953125,28.0799999237061,0.109999999403954,21.1000003814697,152.050003051758,64746,58063.5,99,188,9,46.310001373291,127.220001220703,5155.10009765625,169.399993896484,62.75,244.5,4,1,0,0,0,0,0,0,0,0,0,0,1.20000004768372,11,3.09999990463257,4.19999980926514,5.30000019073486,40,42,48.5
"SRR15815830",33.38083,-86.92182,192,17.6,27.1,6.8,20.3,1552,558,17.8,48.6,73,321,248,227,36.49,26,4705,1328,1207,2974,-17.3,40.5,1307,16.3,321,2,63,12.7,15.7,19.9,24.1,27.8,31.6,32.7,32.2,30.1,24.7,18.2,14.7,0.9,3.8,7.2,10.5,15.1,19.8,21.5,21,18.1,11.8,5.1,3.9,6.8,9.8,13.5,17.3,21.4,25.7,27.1,26.6,24.1,18.2,11.6,9.3,136,174,140,170,106,128,124,115,85,92,110,172,9.7,12.4,16.6,20.3,21.5,21.9,22.4,20.3,17.2,14,10.2,8.7,12,5,1,0,0,0,0,0,0,0,1,6,100,152,270,369,505,620,683,668,571,408,203,155,351,226,152,61,16,2,0,1,7,48,196,267,1,3,13,42,116,233,282,267,185,56,6,3,16,15,31,30,31,30,31,31,30,31,28,18,2,0,0,0,0,0,0,0,0,0,0,0,46,59,95,128,158,169,172,157,127,94,58,44,0,0,0,0,52,41,48,42,42,2,0,0,61,62,61,59,63,66,68,68,65,62,59,65,9.74,11.6,6.26,6.91,-1.43,-1.48,-2.39,-2.91,-4.79,-1.02,3.9,12.09,0.362399995326996,0.661199986934662,0.5935999751091,0.537199974060059,0.368000000715256,0.303600013256073,0.452599987387657,0.303600013256073,0.661199986934662,16.25,6.75,48,1.15558497988004,10.5455455780029,1345.10998535156,25.6200008392334,0.0799999982118607,21.1000003814697,152.080001831055,71442,71442,113,204,9,49.6100006103516,130.270004272461,5194.47021484375,173.639999389648,66.2300033569336,289.5,40,0.981599986553192,0.0094999996945262,0,0,0.00329999998211861,0.00559999980032444,0,0,0,0,0,1.39999997615814,6,2.90000009536743,4.40000009536743,5.19999980926514,40,42,46.2999992370605
"SRR15815832",35.08703,-84.51431,398,15.2,25.1,3.9,21.2,1896,763,13.3,32.9,103,301,198,33,80.93,54,3937,1837,846,2360,-20.8,39.3,1231,15.9,255,7,61,9.7,12.8,16.9,22.1,26.3,29.7,31.3,30.5,28.3,22.5,16.2,12.5,-1.8,0.9,4,7.9,12.7,17,19,18.3,15.4,8.9,2.7,1.7,3.9,6.9,10.4,15,19.5,23.4,25.1,24.4,21.9,15.7,9.4,7.1,146,180,164,181,143,155,164,148,153,135,131,196,9.7,11.9,16.1,20,20.7,22.4,21.5,19.4,16.4,13.7,10.2,8.6,26,11,3,0,0,0,0,0,0,0,3,10,52,89,183,301,448,551,622,600,506,332,150,103,440,307,238,109,31,5,1,2,15,95,259,335,0,0,5,21,74,166,221,200,131,25,3,1,10,0,20,30,31,30,31,31,30,31,8,2,6,1,0,0,0,0,0,0,0,0,0,0,37,50,84,120,154,165,171,153,121,86,52,38,0,0,0,0,11,10,7,5,0,0,0,0,61,61,59,57,60,63,65,65,63,59,57,65,12.14,14,9.72,8.73,2.65,1.88,1.78,0.83,2.59,4.07,6.82,15.73,0.284000009298325,0.59960001707077,0.680800020694733,0.574000000953674,0.299600005149841,0.255199998617172,0.436800003051758,0.255199998617172,0.680800020694733,37.75,-37.75,84,1.15445077380434,13.8004283905029,1265.84997558594,22.4699993133545,0.150000005960464,21.5,152.440002441406,59508,41512.5,85,175,7,41.7299995422363,124.330001831055,5343.85009765625,169.039993286133,57.3400001525879,212.5,12,0.98879998922348,0,0,0,0.000300000014249235,0,0,0.0109000001102686,0,0,0,1.20000004768372,10,3.29999995231628,4.19999980926514,5.09999990463257,34,38,57.7999992370605
"SRR15815834",36.25141,-82.36431,732,12.8,22.8,1.7,21.1,1539,692,14.8,32.9,117,290,173,30,58.97,102,3191,2404,506,1794,-24.2,36.9,1128,15.4,219,14,60,7.5,10.4,14.3,19.6,24,27.4,28.8,27.8,25.8,20.4,14.1,10.5,-4.1,-2.1,1,5,10.5,14.3,16.7,15.8,12.9,6.6,-0.1,-0.9,1.7,4.2,7.7,12.3,17.2,20.9,22.8,21.8,19.4,13.5,7,4.8,116,133,112,151,142,142,172,128,108,108,96,131,9.9,11.7,15.8,19.8,19.6,22.4,19.9,18.2,15.4,13.6,10.2,8.7,46,22,8,1,0,0,0,0,0,0,7,19,30,48,114,221,379,476,551,520,432,266,94,61,508,382,321,182,63,15,4,7,33,152,331,407,0,0,2,8,38,99,150,123,74,11,0,0,7,0,1,27,31,30,31,31,30,31,0,0,10,2,0,0,0,0,0,0,0,0,0,1,32,44,75,110,142,156,159,141,111,78,46,34,0,0,0,0,0,14,0,13,3,0,0,0,59,58,57,55,60,62,65,65,62,58,55,62,9.93,10.49,6.14,6.6,3.6,1.57,4.01,0.34,-0.71,2.08,4.74,10.17,0.30239999294281,0.713599979877472,0.723599970340729,0.723599970340729,0.30239999294281,0.348600000143051,0.531099990010262,0.30239999294281,0.723599970340729,67.625,-65.625,171,1.15222462535277,11.5074710845947,1140.17004394531,21.9799995422363,0.0599999986588955,20.9500007629395,128.830001831055,50076,36112.5,66,154,7,36.0200004577637,52.9300003051758,4953.85986328125,154.610000610352,153.470001220703,143.75,12,0.995400011539459,0.00460000010207295,0,0,0,0,0,0,0,0,0,1.20000004768372,14,3.79999995231628,4.80000019073486,4.90000009536743,38,40,65.9000015258789
"SRR15815836",31.72071,-87.46518,73,18.8,27.2,8.8,18.4,1498,614,19.2,44.3,58,328,269,226,20.29,15,5099,1040,1343,3286,-15.8,40.3,1411,16.8,345,1,62,15.3,18.5,22.3,25.5,29.1,32.1,32.8,32.7,31,26.4,20.5,17.3,2.3,5.1,8.4,11.3,15.5,20.4,21.7,21.4,18.9,12.5,5.9,4.8,8.8,11.8,15.4,18.4,22.3,26.2,27.2,27,25,19.4,13.2,11.1,130,161,127,137,107,149,126,131,101,77,83,169,10,13.4,17.1,20.7,22.3,21.7,22.9,20.8,17.7,14.8,11,9.1,7,3,1,0,0,0,0,0,0,0,1,4,145,197,327,401,532,635,686,680,598,445,250,202,289,179,103,44,12,2,0,1,5,33,155,217,3,6,25,56,136,247,285,279,212,77,11,6,19,26,31,30,31,30,31,31,30,31,29,26,1,0,0,0,0,0,0,0,0,0,0,0,55,70,109,138,169,172,174,162,134,105,69,54,0,0,0,1,62,23,48,31,33,28,0,0,59,58,58,58,61,67,69,68,65,59,56,61,7.59,8.91,3.62,2.75,-2.39,0.48,-2.02,-1.55,-3.7,-3.71,-0.05,10.37,0.250200003385544,0.736000001430511,0.736000001430511,0.575999975204468,0.340400010347366,0.39640000462532,0.486199989914894,0.250200003385544,0.736000001430511,27.375,14.875,82,1.14031444077838,9.90953922271729,1455.42004394531,29.2299995422363,0.0199999995529652,19,159.050003051758,77670,77670,143,203,9,59.7799987792969,106.76000213623,5031.72998046875,179.059997558594,77.3099975585938,339,4,0.993300020694733,0.00540000014007092,0,0,0.00130000000353903,0,0,0,0,0,0,1.39999997615814,8,3,4.09999990463257,5.19999980926514,44,32,46.7000007629395
"SRR15815840",31.58505,-87.965,45,18.9,27.4,8.8,18.6,1614,694,17.9,39.5,59,326,267,148,28.86,15,5135,1031,1371,3321,-16.1,40.5,1439,16.9,344,1,61,15.5,18.7,22.6,25.8,29.5,32.3,33,33.2,31.3,26.7,20.6,17.5,2,5.2,8.3,11.3,15.3,20.2,21.7,21.4,19,12.3,5.9,4.7,8.8,11.9,15.5,18.6,22.4,26.2,27.4,27.3,25.1,19.5,13.2,11.1,129,166,132,151,114,171,148,154,107,93,86,163,10,13.5,17.2,20.9,22.5,22,23.1,21.1,17.8,15,11,9.2,7,3,1,0,0,0,0,0,0,0,1,4,145,199,331,407,535,635,692,689,601,448,250,202,289,176,101,42,12,2,0,0,5,32,155,217,3,6,26,59,139,247,291,289,215,80,12,6,18,27,31,30,31,30,31,31,30,31,29,25,1,0,0,0,0,0,0,0,0,0,0,0,56,71,112,141,173,175,176,167,136,108,69,55,0,0,0,0,59,4,28,13,29,15,0,0,57,58,57,57,59,66,68,67,65,58,55,60,7.38,9.32,3.89,3.91,-2.17,2.37,-0.04,0.13,-3.38,-2.43,0.21,9.65,0.374399989843369,0.469199985265732,0.607599973678589,0.489600002765656,0.365799993276596,0.368800014257431,0.42179998755455,0.365799993276596,0.607599973678589,8.875,7.375,31,1.14889646102874,10.9028072357178,1476.4599609375,26.5300006866455,0.0399999991059303,18.7000007629395,166.419998168945,78552,78552,148,203,10,61.0400009155273,108.5,5060.56005859375,180.979995727539,78.6999969482422,348.5,10,0.993600010871887,0.00570000009611249,0,0,0.00039999998989515,0.000300000014249235,0,0,0,0,0,1.29999995231628,2,3,3.59999990463257,5.09999990463257,32,42,49.0999984741211
"SRR15815842",35.42858,-82.83357,1134,11.3,20.8,1,19.8,1681,668,12.7,31.1,120,285,165,24,85.11,128,2736,2724,306,1426,-25.5,34.1,1042,15.4,212,22,61,6.7,9.6,13.2,17.8,21.5,24.7,26.2,25,23.1,18.3,12.8,9.6,-4.8,-3,0.4,4.2,9.1,13.1,15.4,14.4,11.9,5.3,-1,-1.9,1,3.3,6.8,11,15.3,18.9,20.8,19.7,17.5,11.8,5.9,3.8,119,146,123,161,135,122,138,129,144,160,132,172,10.9,12.1,15.9,19.8,18.9,21.8,19,17.4,14.6,13.7,11,9.6,54,27,10,1,0,0,0,0,0,1,10,25,26,38,94,185,321,416,490,456,375,213,73,48,529,408,349,216,104,32,10,20,57,197,363,437,0,0,1,5,19,62,98,73,43,6,0,0,6,0,0,23,31,30,31,31,30,29,0,0,14,4,0,0,0,0,0,0,0,0,1,2,32,43,72,103,130,140,144,127,100,73,45,33,0,0,0,0,0,18,6,0,0,0,0,0,59,57,59,58,62,65,68,68,66,59,55,61,10.44,12.06,7.76,8.32,4.2,1.37,2.38,2.28,4.63,8.12,8.99,14.58,0.241600006818771,0.618799984455109,0.750400006771088,0.646799981594086,0.214599996805191,0.356799989938736,0.487799987196922,0.214599996805191,0.750400006771088,107.5,-33.5,437,1.04413176636193,9.03408908843994,1084.09997558594,5.65999984741211,0.340000003576279,19.75,183.580001831055,45702,33142.5,63,142,7,36.0999984741211,75.8099975585938,4577.06982421875,144.880004882812,104.580001831055,121.75,4,0.985400021076202,0.0137000000104308,0,0,0.000300000014249235,0.000600000028498471,0,0,0,0,0,1,10,7.90000009536743,5.30000019073486,5.19999980926514,49,27,115.699996948242
"SRR15815844",35.27686,-82.89192,1161,12.3,21.2,2.2,19,2208,897,10.1,23.6,112,294,182,0,140.04,94,2996,2435,371,1597,-22.7,33.7,1005,15.2,228,18,67,7.3,9.7,13.1,18.6,22.2,24.9,26.1,24.9,22.6,18,12.9,9.8,-2.8,-0.9,2,6.1,10.9,14.5,16.3,15.7,13.8,7.7,1.5,0.3,2.2,4.4,7.6,12.4,16.6,19.7,21.2,20.3,18.2,12.8,7.2,5.1,173,177,152,198,182,166,194,195,160,213,176,222,11.3,11.4,15.8,19.6,18.7,20.9,18.7,17.1,14,13.6,11.2,9.9,40,20,8,1,0,0,0,0,0,0,6,18,34,50,110,223,360,440,502,474,396,244,97,65,492,377,325,179,74,24,9,15,47,171,325,397,0,0,1,8,30,77,108,87,53,8,0,0,9,0,4,29,31,30,31,31,30,31,2,0,13,3,0,0,0,0,0,0,0,0,0,1,32,42,70,103,129,136,139,120,91,68,43,32,0,0,0,0,0,0,0,0,0,0,0,0,64,64,64,61,66,69,71,72,73,67,63,68,15.53,14.98,10.64,11.88,8.85,6.09,8.45,9.5,7.35,14.21,13.17,19.39,0.231199994683266,0.759999990463257,0.854399979114532,0.635599970817566,0.272799998521805,0.251599997282028,0.454199984669685,0.231199994683266,0.854399979114532,79.25,-39.75,219,1.14503224457612,11.1246433258057,1070.48999023438,0,0.419999986886978,19.6000003814697,210.089996337891,45432,32953.5,62,142,7,35.8899993896484,74.7799987792969,4491.919921875,142.610000610352,103.540000915527,120,6,1,0,0,0,0,0,0,0,0,0,0,1,11,9.80000019073486,5.59999990463257,4.90000009536743,52,26,138
"SRR15815846",36.37189,-81.15719,517,13.2,23.8,1.9,21.9,1549,701,15,34,114,292,177,53,59.99,96,3342,2324,591,1922,-24.1,37.8,1136,15.3,221,10,60,7.8,10.9,14.5,20.1,24.3,28,29.8,28.4,25.7,20.6,14.5,11,-4.1,-2,1.1,5.6,11.1,15.2,17.7,16.6,13.8,7.1,0.4,-0.9,1.9,4.4,7.8,12.9,17.7,21.6,23.8,22.5,19.8,13.9,7.4,5,91,114,107,167,165,130,150,129,127,153,112,104,9.6,11.7,15.7,19.6,19.7,22.1,20.2,18.3,15.3,13.3,9.9,8.5,43,20,7,1,0,0,0,0,0,0,6,18,32,51,117,239,394,497,582,542,444,278,103,65,502,377,318,165,54,11,2,5,29,141,319,400,0,0,2,11,45,114,181,141,82,13,1,0,7,0,1,29,31,30,31,31,30,31,0,0,7,2,0,0,0,0,0,0,0,0,0,1,33,45,75,112,143,157,163,142,108,78,46,34,0,0,0,0,0,27,13,13,0,0,0,0,58,57,57,56,61,63,65,66,65,59,55,60,7.39,8.44,5.62,8.17,6.06,0.37,1.41,0.42,1.88,6.75,6.17,7.32,0.29679998755455,0.677200019359589,0.724799990653992,0.635200023651123,0.305599987506866,0.303600013256073,0.470400005578995,0.29679998755455,0.724799990653992,60.375,-60.375,109,1.12686702620811,13.739218711853,1209.97998046875,27.2000007629395,0,21.5,123.099998474121,54108,38583,76,162,7,38.2200012207031,39.2799987792969,5271.97021484375,164.350006103516,163.339996337891,174.5,4,0.994599997997284,0.00540000014007092,0,0,0,0,0,0,0,0,0,1.10000002384186,12,3.40000009536743,3.79999995231628,4.80000019073486,45,39,61.9000015258789
"SRR15815848",35.28291,-82.30019,376,15.3,25.2,4.4,20.8,1898,829,13.3,30.4,104,300,197,15,80.26,49,3956,1793,837,2365,-21,38.8,1232,15.8,250,5,60,10.6,13.8,17.4,22.5,26.3,29.9,31.2,29.9,27.7,22.8,16.6,13.2,-1.7,0.5,3.6,7.6,12.7,17,19.2,18.3,15.7,8.9,2.7,1.3,4.4,7.2,10.5,15.1,19.5,23.4,25.2,24.1,21.7,15.9,9.7,7.2,135,139,122,179,167,156,164,178,164,169,142,183,9.8,12.1,15.9,19.9,20.3,22.3,21,18.9,15.9,14,10.3,8.7,23,10,3,0,0,0,0,0,0,0,3,10,58,95,185,303,448,551,625,591,500,339,156,105,425,298,235,106,31,5,1,2,16,91,250,332,0,0,5,21,74,166,224,190,126,27,3,1,11,0,16,30,31,30,31,31,30,31,8,1,4,0,0,0,0,0,0,0,0,0,0,0,39,53,86,123,153,166,169,148,116,87,52,40,0,0,0,0,0,10,5,0,0,0,0,0,59,57,57,55,60,63,66,67,65,58,56,61,10.69,9.36,5.16,8.16,5.08,1.78,2.04,4.58,4.48,7.25,7.62,14.07,0.277200013399124,0.594399988651276,0.684400022029877,0.572000026702881,0.333000004291534,0.287400007247925,0.452500015497208,0.277200013399124,0.684400022029877,102.625,-102.625,300,1.10881319858386,13.1563806533813,1275.59997558594,22.3199996948242,0.0900000035762787,20.6000003814697,147.880004882812,63216,56611.5,102,183,7,44.3600006103516,88.9000015258789,5224.81982421875,168.080001831055,123.860000610352,240,4,0.949599981307983,0.0498000010848045,0,0.000199999994947575,0,0,0,0.00039999998989515,0,0,0,1.20000004768372,18,4.09999990463257,4.40000009536743,5.09999990463257,49,27,68.0999984741211
"SRR15815850",35.08282,-82.76555,891,13.5,23,3,20,2375,1042,9.9,22.1,107,298,191,0,149.9,73,3381,2162,534,1894,-21.9,35.5,1059,15.2,241,12,66,8.5,11.3,15.2,19.9,23.4,26.3,27.6,26.5,24.3,19.4,13.9,10.9,-2.4,-0.4,3.2,7.1,11.9,16.1,18.3,17.3,15,8.4,2.2,0.9,3,5.4,9.2,13.5,17.6,21.2,23,21.9,19.6,13.9,8.1,5.9,172,178,161,204,227,199,245,212,159,197,181,240,10.6,11.8,15.9,19.6,19.3,20.7,19.3,17.6,14.6,13.2,10.6,9.3,33,16,5,0,0,0,0,0,0,0,5,14,42,64,150,256,391,485,557,523,438,278,118,79,468,349,275,148,56,13,4,7,31,141,298,373,0,0,3,12,43,103,156,125,78,13,1,0,9,0,12,30,31,30,31,31,30,31,5,1,9,2,0,0,0,0,0,0,0,0,0,1,35,47,77,109,134,140,141,125,97,73,46,35,0,0,0,0,0,0,0,0,0,0,0,0,62,61,62,61,65,70,73,73,72,66,62,67,15.08,14.43,10.24,12.03,12.91,8.97,13.21,10.61,6.46,12.04,13.16,20.77,0.331000000238419,0.703599989414215,0.703599989414215,0.570800006389618,0.350400000810623,0.30919998884201,0.460600003600121,0.30919998884201,0.703599989414215,33.125,-7.875,122,1.15475414643635,9.67998600006104,1143.85998535156,0,0.419999986886978,19.9500007629395,217.410003662109,52272,36963,77,158,7,39.3400001525879,109.769996643066,4681.39990234375,150.190002441406,111.529998779297,164.75,4,1,0,0,0,0,0,0,0,0,0,0,1,8,7.5,5,5,45,24,130.5
"SRR15815852",35.35499,-83.34524,1114,12.7,21.6,2.6,19,1708,604,13.3,35.8,111,296,185,59,87.08,85,3099,2344,409,1670,-22.4,34.3,1021,15.2,232,13,66,7.7,10.2,13.9,18.6,22.2,25.2,26.5,25.5,23.5,18.9,13.4,10.2,-2.5,-0.7,2.5,6.2,11.1,14.9,16.8,16.1,13.9,7.9,1.7,0.5,2.6,4.8,8.2,12.4,16.6,20,21.6,20.8,18.7,13.4,7.6,5.3,148,175,139,171,110,118,116,128,132,164,130,177,10.8,11.5,15.9,19.6,19.1,21,19.2,17.4,14.5,13.4,10.7,9.5,36,18,7,1,0,0,0,0,0,0,5,17,37,55,124,223,360,449,514,489,411,263,106,68,480,366,306,179,74,21,7,12,40,155,313,391,0,0,2,8,30,82,117,99,61,10,0,0,9,0,6,30,31,30,31,31,30,31,3,1,9,2,0,0,0,0,0,0,0,0,0,1,33,43,72,103,128,136,139,123,96,71,44,33,0,0,0,0,18,18,23,0,0,0,0,0,64,63,63,61,66,69,71,72,71,66,62,67,12.9,14.57,8.84,9.24,1.76,1.21,0.51,2.43,3.83,8.77,8.28,14.72,0.308400005102158,0.748000025749207,0.748000025749207,0.624400019645691,0.297199994325638,0.239600002765656,0.466400012373924,0.239600002765656,0.748000025749207,116.375,-88.875,335,1.07725923114396,9.99618911743164,1094.90002441406,2.84999990463257,0.379999995231628,19.6000003814697,195.570007324219,45198,32872.5,63,138,7,36.3499984741211,76.9499969482422,4611.22998046875,145.929992675781,50.0200004577637,117,3,1,0,0,0,0,0,0,0,0,0,0,1,8,9.30000019073486,5.59999990463257,4.90000009536743,46,30,139
"SRR15815854",35.33976,-82.79116,994,12.7,22.1,2.3,19.8,2143,831,10.6,26.6,112,293,182,0,129.62,89,3138,2355,442,1713,-23,34.7,1040,15.2,228,15,65,7.8,10.6,14.3,19.2,22.7,25.6,27,25.7,23.5,18.8,13.4,10.4,-3.1,-1,2.3,6.1,11,15.1,17.3,16.5,14,7.4,1.1,0,2.3,4.8,8.3,12.6,16.9,20.4,22.1,21.1,18.8,13.1,7.2,5.2,157,180,153,195,174,145,190,160,162,201,190,236,10.9,11.7,15.9,19.7,19,20.9,19,17.3,14.4,13.6,10.9,9.6,39,18,6,1,0,0,0,0,0,0,6,17,35,55,127,229,369,461,529,499,414,253,98,67,489,366,303,173,69,18,6,10,39,163,325,394,0,0,2,9,34,90,129,107,63,9,0,0,8,0,5,29,31,30,31,31,30,31,1,0,11,2,0,0,0,0,0,0,0,0,0,1,33,45,74,107,132,139,141,122,96,72,45,34,0,0,0,0,0,0,0,0,0,0,0,0,62,61,61,59,64,69,71,72,71,64,60,65,13.83,14.95,10.04,11.3,7.82,3.73,7.76,5.74,6.99,12.51,14.37,20.59,0.254799991846085,0.746399998664856,0.746399998664856,0.63400000333786,0.254799991846085,0.280000001192093,0.457000002264977,0.254799991846085,0.746399998664856,60.625,-58.375,139,1.16956147680974,10.9721937179565,1120.42004394531,7.19000005722046,0.330000013113022,19.8999996185303,183.759994506836,48582,34803,70,148,7,37.8300018310547,78.3300018310547,4671.259765625,148.839996337891,108.470001220703,139.5,11,1,0,0,0,0,0,0,0,0,0,0,1,11,7.59999990463257,5.30000019073486,4.90000009536743,54,23,106
"SRR15815856",35.2533,-82.91952,1256,12.2,21.1,2.2,18.9,2207,883,10.1,23.9,112,295,183,0,142.35,96,2961,2464,359,1572,-22.7,33.4,977,15.1,229,18,68,7.2,9.4,12.7,18.3,21.8,24.6,25.7,24.5,22.2,17.7,12.7,9.6,-2.8,-0.9,2.1,6.3,11,14.7,16.5,15.9,13.9,7.8,1.6,0.3,2.2,4.2,7.4,12.3,16.4,19.6,21.1,20.2,18,12.8,7.1,5,174,179,154,203,181,158,193,193,158,214,175,225,11.2,11.3,15.8,19.5,18.8,20.7,18.8,17.1,13.9,13.4,10.9,9.8,40,22,8,1,0,0,0,0,0,0,6,18,34,47,106,220,354,437,499,471,390,244,95,64,492,382,331,182,79,25,9,16,50,171,328,400,0,0,1,7,28,75,105,85,50,8,0,0,9,0,4,30,31,30,31,31,30,31,2,0,13,3,0,0,0,0,0,0,0,0,0,1,32,41,67,101,125,132,134,116,88,67,42,32,0,0,0,0,0,0,0,0,0,0,0,0,64,65,65,62,67,70,72,74,74,69,64,69,15.64,15.27,11.03,12.56,9.03,5.56,8.75,9.69,7.45,14.47,13.14,19.75,0.221599996089935,0.763999998569489,0.815199971199036,0.708000004291534,0.230800002813339,0.26240000128746,0.485200002789497,0.221599996089935,0.815199971199036,70,-2.5,254,1.08978387001648,8.90488624572754,1016.25,0,0.479999989271164,19.4500007629395,225.199996948242,38560.5,30955.5,52,136,6,33.7099990844727,71.25,4288.240234375,135.399993896484,98.3899993896484,96.25,9,0.998700022697449,0.00130000000353903,0,0,0,0,0,0,0,0,0,0.899999976158142,8,9.10000038146973,5.59999990463257,4.80000019073486,52,26,147.399993896484
"SRR15815858",35.27616,-82.9269,1313,11.9,20.7,2,18.7,2210,873,9.9,23.7,112,295,183,0,145.22,101,2882,2521,325,1510,-22.7,32.8,954,15.1,229,21,69,6.8,9,12.2,17.8,21.4,24.1,25.3,24,21.8,17.3,12.4,9.3,-2.8,-1,2,6.2,11,14.4,16.1,15.6,13.8,7.8,1.7,0.4,2,4,7.1,12,16.2,19.2,20.7,19.8,17.8,12.6,7,4.9,180,183,153,200,176,158,187,187,165,214,178,229,11.3,11.2,15.7,19.4,18.7,20.5,18.7,17,13.7,13.4,11.2,9.9,42,23,9,1,0,0,0,0,0,0,7,19,32,45,99,210,348,425,486,459,384,238,93,62,499,388,340,190,83,29,11,19,53,177,331,403,0,0,1,7,26,67,95,76,47,7,0,0,9,0,4,30,31,30,31,31,30,31,3,0,14,4,0,0,0,0,0,0,0,0,0,1,31,40,65,98,122,129,133,113,85,65,42,31,0,0,0,0,0,0,0,0,0,0,0,0,66,66,66,63,68,71,72,75,75,70,65,70,16.35,15.82,11.2,12.54,8.81,5.86,8.31,9.38,8.41,14.7,13.59,20.25,0.231199994683266,0.740800023078918,0.740800023078918,0.634800016880035,0.19990000128746,0.279199987649918,0.457000002264977,0.19990000128746,0.740800023078918,76.625,-50.125,291,1.20339453682625,8.70553398132324,1023.03002929688,0,0.469999998807907,19.5499992370605,220.770004272461,38824.5,31144.5,53,137,6,33.9199981689453,71.4199981689453,4328.490234375,136.580001831055,99.0899963378906,98.75,8,1,0,0,0,0,0,0,0,0,0,0,0.899999976158142,8,10.3999996185303,5.69999980926514,4.80000019073486,51,29,161.5
"SRR15815862",35.4374,-83.24832,1172,12.1,21.1,2,19.1,1839,717,12,29.4,112,294,181,0,105.76,99,2942,2486,356,1557,-22.8,33.5,978,15,228,17,67,7,9.6,13,17.8,21.4,24.4,25.7,24.6,22.7,18.1,12.7,9.6,-2.9,-1.1,2.1,5.9,10.9,14.6,16.5,15.8,13.7,7.5,1.4,0.2,2,4.2,7.6,11.9,16.1,19.5,21.1,20.2,18.2,12.8,7,4.9,151,180,151,171,135,142,161,140,139,151,131,187,10.5,11.4,15.8,19.4,19.3,20.8,19.3,17.4,14.3,12.7,10.2,9.2,42,22,8,1,0,0,0,0,0,0,7,19,32,47,110,208,345,434,499,471,396,244,93,62,499,382,325,193,85,26,9,16,47,171,331,403,0,0,1,6,25,73,105,85,53,8,0,0,9,0,4,29,31,30,31,31,30,31,2,0,12,3,0,0,0,0,0,0,0,0,0,1,31,42,69,99,122,131,134,117,91,68,42,32,0,0,0,0,0,0,0,0,0,0,0,0,65,64,64,63,68,70,72,73,72,67,63,68,13.42,15.32,10.59,9.68,4.81,4.21,5.65,4.33,5.11,7.88,8.79,15.97,0.266400009393692,0.72079998254776,0.73360002040863,0.600399971008301,0.270000010728836,0.277999997138977,0.439199984073639,0.266400009393692,0.73360002040863,49.25,20.75,248,1.17519245536883,9.38928031921387,1067.34997558594,2.60999989509583,0.379999995231628,19.6000003814697,194.619995117188,39946.5,31927.5,58,135,6,35.1699981689453,74.7200012207031,4535.759765625,143.039993286133,48.3400001525879,106,5,1,0,0,0,0,0,0,0,0,0,0,1.10000002384186,9,7.59999990463257,5,5.09999990463257,47,30,116.199996948242
"SRR15815864",35.55528,-83.06935,1257,10.6,19.9,0.1,19.8,1829,706,11.3,28.2,124,282,158,1,101.45,151,2547,2896,233,1285,-26.2,33.4,1032,15.5,202,34,61,5.7,9,12.4,17.3,20.8,24,25.5,24.3,22.8,18,12.6,9.1,-5.5,-3.5,-0.4,3.3,8.2,12,14.2,13.3,10.9,4.7,-1.2,-2.3,0.1,2.8,6,10.3,14.5,18,19.9,18.8,16.9,11.3,5.7,3.4,139,182,158,184,138,138,160,143,127,141,125,194,11,12.1,15.9,19.9,18.8,22.1,18.8,17.3,14.6,14,11.1,9.7,67,31,13,2,0,0,0,0,0,1,10,28,21,34,79,167,297,389,462,428,357,200,69,44,557,422,374,233,125,44,16,29,68,210,369,450,0,0,0,4,14,46,76,54,35,5,0,0,5,0,0,17,31,30,31,31,30,27,0,0,22,7,0,0,0,0,0,0,0,0,1,3,30,42,70,102,128,139,144,126,101,73,44,33,0,0,0,0,0,1,0,0,0,0,0,0,59,57,58,56,61,64,66,67,64,59,55,61,12.72,15.89,11.71,10.66,4.69,3.09,4.65,3.79,2.72,6.19,8.36,16.97,0.223199993371964,0.772800028324127,0.777599990367889,0.693599998950958,0.193800002336502,0.193599998950958,0.458399996161461,0.193599998950958,0.777599990367889,153.875,-65.625,455,1.05200843600046,8.93934059143066,1044.2099609375,2.80999994277954,0.370000004768372,19.8500003814697,186.619995117188,38890.5,31239,53,135,6,34.0499992370605,73.0800018310547,4472.43994140625,140.539993286133,100.410003662109,96.25,9,0.999000012874603,0.00100000004749745,0,0,0,0,0,0,0,0,0,0.800000011920929,11,8.69999980926514,5.80000019073486,4.69999980926514,50,31,112.599998474121
"SRR15815866",35.73029,-83.02712,700,12.7,22.4,1.6,20.8,1573,697,14.4,32.1,116,290,174,33,65.27,99,3160,2389,471,1748,-24.2,36.2,1120,15.5,221,13,60,7.4,11,14.6,19.8,23.5,26.8,28.2,27.1,25.2,19.9,14.2,10.7,-4.2,-1.8,1.3,5.3,10.4,14.3,16.5,15.6,13,6.6,0.2,-0.8,1.6,4.6,8,12.6,17,20.6,22.4,21.4,19.1,13.2,7.2,4.9,108,132,126,157,124,143,172,129,129,110,96,147,10.2,12,15.9,19.9,19.6,22.3,19.8,18.1,15.3,13.5,10.4,9,47,19,7,1,0,0,0,0,0,0,6,19,30,53,121,230,373,467,539,508,423,256,98,63,511,371,312,173,67,17,5,9,36,160,325,403,0,0,2,9,36,94,138,114,68,10,0,0,7,0,2,28,31,30,31,31,30,31,0,0,10,2,0,0,0,0,0,0,0,0,0,1,32,46,77,112,140,152,156,137,109,77,47,35,0,0,0,0,16,9,0,8,0,0,0,0,59,57,58,56,61,63,66,66,64,59,55,62,9.17,10.12,7.35,7.15,2.25,2.34,4.65,1.15,2.05,2.68,4.68,11.69,0.263399988412857,0.699599981307983,0.699599981307983,0.596400022506714,0.276199996471405,0.315200001001358,0.455800011754036,0.263399988412857,0.699599981307983,28.375,6.625,92,1.13975022030825,12.6496849060059,1191.43994140625,25.6800003051758,0.00999999977648258,20.7000007629395,125.940002441406,52740,37449,77,156,7,39.0400009155273,83.0699996948242,5092.919921875,160.75,114.290000915527,164.5,10,0.99889999628067,0.000500000023748726,0,0,0,0,0,0.000600000028498471,0,0,0,1.20000004768372,12,3.79999995231628,4.19999980926514,5.09999990463257,44,35,55.2999992370605
"SRR15815868",35.7553,-82.99737,851,12.1,21.6,1.1,20.5,1591,709,13.9,30.5,118,288,170,14,71.17,114,2962,2545,392,1597,-24.8,35.4,1083,15.4,217,16,61,6.8,10.2,13.7,18.9,22.7,26,27.4,26.3,24.4,19.3,13.5,10.1,-4.6,-2.2,0.9,4.8,9.8,13.7,15.9,15,12.4,6.1,-0.1,-1.2,1.1,4,7.3,11.8,16.2,19.9,21.6,20.6,18.4,12.7,6.7,4.4,102,131,126,161,127,144,172,132,134,115,96,151,10.4,11.9,15.9,19.8,19.3,22.1,19.4,17.8,15.1,13.6,10.5,9.2,53,23,9,1,0,0,0,0,0,0,7,22,26,46,105,206,348,446,514,483,402,241,88,56,526,388,334,195,83,22,7,13,44,174,339,419,0,0,2,7,27,81,117,95,56,8,0,0,6,0,1,26,31,30,31,31,30,31,0,0,11,3,0,0,0,0,0,0,0,0,0,1,31,44,73,107,136,148,151,133,106,75,45,34,0,0,0,0,9,4,0,1,0,0,0,0,59,58,59,57,61,64,66,67,64,59,56,62,8.74,10.34,7.87,7.94,2.89,2.84,5.07,1.85,2.92,3.35,5.05,12.32,0.259200006723404,0.752399981021881,0.767599999904633,0.644400000572205,0.279199987649918,0.25560000538826,0.461799994111061,0.25560000538826,0.767599999904633,87.375,-68.375,288,1.16414857414126,11.7428731918335,1144.22998046875,21.1000003814697,0.0900000035762787,20.3999996185303,134.729995727539,48996,35235,69,148,7,37.2999992370605,80.0199966430664,4909.27978515625,154.649993896484,109.449996948242,140,3,0.999199986457825,0.0007999999797903,0,0,0,0,0,0,0,0,0,1.10000002384186,15,4.30000019073486,4.69999980926514,4.90000009536743,47,33,66.9000015258789
"SRR15815870",35.7233,-82.40522,1053,11.7,21.1,1,20.1,1554,685,14,30.8,116,292,176,4,77.2,123,2851,2637,348,1513,-24.2,34.4,996,15.1,220,18,66,6,9,12.2,17.5,21.5,24.8,26.1,25.2,22.7,18.1,12.3,9.1,-4.1,-2,0.9,5.2,10.5,14,16.1,15.2,12.8,7.2,0.6,-0.8,1,3.5,6.6,11.3,16,19.4,21.1,20.2,17.8,12.7,6.4,4.1,108,117,107,150,140,133,161,124,127,139,110,138,10.7,11.5,15.7,19.5,18.9,21.1,18.9,17.3,14.2,13.3,10.6,9.4,54,26,11,1,0,0,0,0,0,0,8,23,26,40,90,193,342,431,499,471,384,241,82,52,529,402,356,208,87,27,9,16,53,174,348,428,0,0,1,6,25,71,105,85,47,8,0,0,7,0,1,28,31,30,31,31,30,31,1,0,12,3,0,0,0,0,0,0,0,0,0,1,29,41,67,98,125,137,139,124,94,69,42,31,0,0,0,0,0,4,0,0,0,0,0,0,63,62,63,61,66,68,70,70,70,66,62,66,9.48,9.34,6.74,7.71,5.21,2.81,5.19,2.01,3.69,6.69,7,11.34,0.201299995183945,0.754000008106232,0.804799973964691,0.671999990940094,0.232800006866455,0.24040000140667,0.456199996173382,0.201299995183945,0.804799973964691,137.25,-108.25,307,1.15382274427018,11.0245552062988,1080.88000488281,10.3199996948242,0.239999994635582,19.9500007629395,156.490005493164,45468,33088.5,62,142,7,35.7900009155273,36.7099990844727,4573.64013671875,144.690002441406,104.069999694824,117.75,5,1,0,0,0,0,0,0,0,0,0,0,1,13,6.19999980926514,5.5,4.69999980926514,51,32,92.5999984741211
"SRR15815872",35.63106,-82.26091,823,12.7,22.3,2,20.3,1611,714,14.1,31.2,115,291,175,18,70.45,96,3136,2396,459,1730,-23.7,36,1099,15.4,222,12,62,7.7,10.5,13.9,19.5,23.4,26.6,28,27,24.5,19.9,13.8,10.5,-3.6,-1.7,1.4,5.4,10.6,14.3,16.6,15.7,13.1,6.8,0.6,-0.6,2,4.4,7.7,12.4,17,20.5,22.3,21.4,18.8,13.3,7.2,5,111,115,107,161,154,133,155,135,137,142,116,145,10.3,11.8,15.8,19.8,19.4,22,19.6,17.9,15,13.6,10.4,9,42,20,8,1,0,0,0,0,0,0,6,18,33,50,114,223,373,464,536,508,414,259,98,64,499,377,321,179,67,18,5,9,39,158,325,400,0,0,2,8,35,92,135,114,63,10,0,0,7,0,2,28,31,30,31,31,30,31,1,0,9,2,0,0,0,0,0,0,0,0,0,1,33,45,74,109,138,150,153,136,104,77,46,34,0,0,0,0,0,17,0,1,0,0,0,0,60,59,60,57,62,64,67,67,66,60,58,63,9.32,8.59,5.83,7.67,5.26,1.39,3.05,1.75,3.41,5.81,6.84,11.53,0.210800006985664,0.642400026321411,0.777199983596802,0.541999995708466,0.250200003385544,0.220400005578995,0.396099999547005,0.210800006985664,0.777199983596802,59.75,-22.25,213,1.10156879940806,9.90676212310791,1151.14001464844,15.0200004577637,0.150000005960464,20.2000007629395,145.779998779297,50526,35964,75,152,7,38.8600006103516,39.6300010681152,4806.3701171875,153.210006713867,110.959999084473,152,19,0.997300028800964,0,0,0,0.00139999995008111,0.00130000000353903,0,0,0,0,0,1.10000002384186,15,4,4.69999980926514,5,54,27,64.8000030517578
"SRR15815874",35.94889,-81.93346,979,11.5,21.2,0.9,20.3,1696,751,12.7,28.2,118,289,170,11,90.39,132,2798,2709,343,1487,-24.7,34.6,1009,15.1,216,21,64,6.2,8.5,11.9,17.4,21.6,25,26.5,25.4,23,18.2,12.1,9.1,-4.5,-2.5,0.4,4.6,10,13.6,15.9,15,12.4,6.3,0,-1.1,0.9,3,6.2,11,15.8,19.3,21.2,20.2,17.7,12.2,6,4,117,119,118,174,167,129,157,152,146,141,133,143,10.6,11.4,15.7,19.5,18.9,21.5,18.9,17.3,14.4,13.3,10.4,9.2,55,29,12,1,0,0,0,0,0,1,9,24,25,36,83,185,336,428,502,471,381,226,74,51,532,416,368,216,92,28,9,16,54,187,360,431,0,0,1,5,23,69,108,85,45,7,0,0,6,0,0,26,31,30,31,31,30,31,0,0,14,4,0,0,0,0,0,0,0,0,1,1,30,39,66,99,127,140,143,126,97,70,41,31,0,0,0,0,0,11,0,0,0,0,0,0,61,62,62,60,64,66,69,69,68,63,60,65,10.36,9.76,8.06,10.09,7.74,2.14,4.37,4.61,5.25,6.66,9.47,11.87,0.293599992990494,0.657999992370605,0.718400001525879,0.574000000953674,0.24439999461174,0.29339998960495,0.433799996972084,0.24439999461174,0.718400001525879,31,-6.5,106,1.16189511436105,12.3151597976685,1073.21997070312,10.7700004577637,0.259999990463257,20.1000003814697,158.490005493164,45378,33102,61,142,7,35.2400016784668,36.1800003051758,4586.5400390625,144.940002441406,143.979995727539,116.5,11,1,0,0,0,0,0,0,0,0,0,0,1,11,4.19999980926514,4.69999980926514,4.69999980926514,57,26,78
"SRR15815876",36.13628,-82.23947,1156,10.8,20.5,0,20.5,1675,742,12.4,27.6,120,288,168,0,92.81,162,2629,2886,281,1372,-25.4,33.8,966,15,214,33,65,5,7.6,11.1,16.5,20.7,24.1,25.6,24.5,22.4,17.4,11.2,8.1,-5,-3.2,0,4.3,9.7,13.2,15.3,14.4,12.1,6.1,-0.4,-1.6,0,2.2,5.6,10.4,15.2,18.6,20.5,19.4,17.2,11.8,5.4,3.2,127,138,115,167,160,141,183,136,122,128,116,142,10.4,11.4,15.6,19.4,19,21.3,19,17.3,14.2,13,10.1,9.1,68,36,14,1,0,0,0,0,0,1,11,29,20,29,72,170,318,407,480,446,366,213,64,42,560,438,387,230,107,36,12,23,62,197,378,456,0,0,0,4,19,56,90,67,39,6,0,0,6,0,0,24,31,30,31,31,30,31,0,0,20,7,0,0,0,0,0,0,0,0,1,2,27,37,63,94,121,134,139,122,94,67,39,29,0,0,0,0,0,0,0,0,0,0,0,0,63,62,63,61,66,67,69,70,69,64,62,66,11.65,11.96,8.11,9.77,7.5,3.86,7.43,3.45,3.09,5.7,8.18,12.11,0.249799996614456,0.676800012588501,0.778800010681152,0.705600023269653,0.25,0.283399999141693,0.480100005865097,0.249799996614456,0.778800010681152,63.5,31.25,299,1.12206218251652,9.29929256439209,1023.76000976562,7.44999980926514,0.270000010728836,20.0499992370605,157.520004272461,38313,26292,49,135,6,32.6800003051758,33.7900009155273,4447.27001953125,139.020004272461,138.009994506836,89.25,7,1,0,0,0,0,0,0,0,0,0,0,1.10000002384186,12,3.79999995231628,5.19999980926514,4.80000019073486,41,39,70.6999969482422
"SRR15815878",36.08215,-82.27927,830,12.1,21.7,1.5,20.2,1566,697,14.1,31.1,119,287,168,29,66.12,111,2956,2551,397,1599,-25,35.8,1102,15.4,215,16,59,7.5,10.2,13.7,18.7,22.9,26.4,27.8,26.8,24.7,19.4,13.7,10.5,-4.5,-2.5,0.5,4.4,9.6,13.4,15.6,14.8,12.1,5.9,-0.6,-1.5,1.5,3.8,7.1,11.6,16.2,19.9,21.7,20.8,18.4,12.6,6.6,4.5,117,127,109,156,154,130,160,131,122,116,109,135,10.4,11.9,15.8,19.8,19.1,22.5,19.3,17.7,15,13.7,10.7,9.2,48,24,9,1,0,0,0,0,0,0,8,21,29,43,100,200,348,446,517,489,402,238,85,57,514,394,340,201,83,22,7,12,44,177,342,416,0,0,1,6,27,81,119,99,56,8,0,0,6,0,1,25,31,30,31,31,30,30,0,0,11,3,0,0,0,0,0,0,0,0,0,1,32,44,73,107,137,152,156,138,108,75,46,34,0,0,0,0,0,22,0,7,0,0,0,0,57,57,58,56,60,62,64,65,62,58,54,60,10.04,9.97,6.2,7.51,5.38,0.95,3.33,1.17,1.36,3.35,6.28,10.58,0.218400001525879,0.737600028514862,0.754000008106232,0.602800011634827,0.235799998044968,0.251800000667572,0.427300006151199,0.218400001525879,0.754000008106232,90.75,-82.5,173,1.17328240950334,12.9484024047852,1123.90002441406,16.5699996948242,0.129999995231628,20.3500003814697,138.660003662109,47934,34668,66,146,7,36.4000015258789,52.6800003051758,4810.47998046875,151.539993286133,150.399993896484,131.75,3,0.987800002098083,0.0121999997645617,0,0,0,0,0,0,0,0,0,1.20000004768372,13,3.79999995231628,4.59999990463257,5,37,38,61.2000007629395
"SRR15815880",36.22365,-81.66618,978,11.2,20.9,0.5,20.4,1745,797,12.1,26.2,118,289,170,0,100.3,143,2723,2780,315,1436,-24.8,34,966,14.9,217,24,66,5.5,7.9,11.3,16.8,21,24.3,25.8,24.7,22.3,17.6,11.6,8.8,-4.4,-2.5,0.4,4.7,10,13.6,15.9,15,12.4,6.3,0,-1.3,0.5,2.7,5.9,10.8,15.5,19,20.9,19.9,17.4,12,5.8,3.8,115,128,116,177,170,149,173,154,151,160,125,127,10.4,11.2,15.6,19.3,18.9,21.1,18.9,17.2,14.1,12.9,10.2,9.1,61,32,13,1,0,0,0,0,0,1,10,25,23,33,77,180,327,419,493,462,372,218,71,48,545,424,377,221,99,31,10,18,59,192,366,437,0,0,0,5,21,63,100,78,41,6,0,0,6,0,0,26,31,30,31,31,30,31,0,0,16,5,0,0,0,0,0,0,0,0,1,1,28,37,63,95,122,134,137,121,92,67,40,30,0,0,0,0,0,0,0,0,0,0,0,0,64,63,64,62,66,68,70,71,70,64,62,65,10.32,10.86,8.16,10.8,8.52,4.81,6.69,5.49,6.36,8.96,8.93,10.39,0.273799985647202,0.801199972629547,0.801199972629547,0.672800004482269,0.238399997353554,0.253600001335144,0.473299995064735,0.238399997353554,0.801199972629547,46.625,-45.375,156,1.13791526950091,10.9980907440186,1051.73999023438,11.8400001525879,0.259999990463257,20.5499992370605,155.630004882812,41217,32967,55,145,7,33.439998626709,33.439998626709,4595.97998046875,143.679992675781,142.100006103516,111.75,34,0.510599970817566,0.126200005412102,0,0.000500000023748726,0.304300010204315,0.0584000013768673,0,0,0,0,0,1.10000002384186,8,4.80000019073486,5,5.09999990463257,47,35,77.3000030517578
"SRR15815884",36.42378,-81.59439,1245,10.2,19.9,-0.1,20,1675,760,12.1,26.2,121,286,165,0,98.86,174,2466,3033,227,1256,-25.6,32.7,886,14.8,211,33,67,4.7,6.9,10.1,15.4,19.7,23,24.6,23.4,21.2,16.4,10.7,8,-5,-3.3,-0.3,4,9.3,12.9,15.2,14.2,11.8,5.7,-0.9,-1.9,-0.1,1.8,4.9,9.7,14.5,18,19.9,18.8,16.5,11,4.9,3,111,132,114,174,175,143,161,149,132,141,118,125,10.4,11.1,15.5,19.2,18.9,20.9,18.8,17,13.7,12.6,10.1,9.1,70,40,17,2,0,0,0,0,0,1,14,31,19,26,60,151,297,389,462,428,345,192,56,39,563,450,408,250,125,44,16,29,75,217,393,462,0,0,0,3,14,46,76,54,31,4,0,0,6,0,0,22,31,30,31,31,30,30,0,0,18,9,1,1,1,0,0,0,0,0,1,2,0,35,59,89,115,127,130,114,87,63,38,29,0,0,0,0,0,0,0,0,0,0,0,0,64,64,65,63,68,69,72,72,71,66,61,65,10.1,11.56,8.45,11.14,9.58,4.87,6.09,5.61,4.91,7.49,8.61,10.44,0.217800006270409,0.643599987030029,0.79559999704361,0.691200017929077,0.18809999525547,0.223199993371964,0.433399990200996,0.18809999525547,0.79559999704361,88.125,-11.875,312,1.20313013390601,8.6663761138916,954.059997558594,2.61999988555908,0.340000003576279,20.3999996185303,165.529998779297,32505,20842.5,35,133,5,29.2900009155273,29.2900009155273,4259.72998046875,131.399993896484,129.970001220703,64,6,1,0,0,0,0,0,0,0,0,0,0,0.899999976158142,13,7.59999990463257,6,4.59999990463257,46,34,112.099998474121
"SRR15815886",36.55551,-81.64675,1179,10.4,20,-0.1,20.1,1649,730,12.4,27.4,122,286,165,0,93.89,171,2499,3002,238,1282,-25.7,33.1,908,14.8,209,33,65,4.9,7.2,10.3,15.7,20,23.4,25,23.8,21.7,16.8,10.9,8.2,-5.2,-3.5,-0.6,3.7,9.2,12.7,14.9,14.1,11.8,5.8,-0.9,-1.8,-0.1,1.9,4.9,9.7,14.6,18,20,19,16.8,11.3,5,3.2,110,135,120,171,171,139,153,140,127,135,115,133,10.5,11.2,15.5,19.3,18.8,21.1,18.7,17,13.9,12.9,10.2,9.2,70,39,17,2,0,0,0,0,0,1,13,29,19,26,60,151,300,389,465,434,354,200,58,41,563,447,408,250,122,44,15,27,69,210,390,456,0,0,0,3,15,46,78,58,34,4,0,0,5,0,0,20,31,30,31,31,30,30,0,0,18,8,1,1,1,0,0,0,0,0,1,2,0,36,60,91,118,130,135,117,90,64,38,29,0,0,0,0,0,0,0,0,0,0,0,0,62,62,63,62,66,68,70,71,70,65,61,65,9.98,11.8,9,10.65,8.98,4.1,4.84,4.37,4.06,6.71,8.24,11.18,0.338200002908707,0.612399995326996,0.762000024318695,0.694400012493134,0.327600002288818,0.28659999370575,0.475299999117851,0.28659999370575,0.762000024318695,102,-32,319,1.20716079486147,9.27118110656738,1003,12.0299997329712,0.25,20.6000003814697,150.320007324219,37818,26208,41,136,6,30.5300006866455,30.5300006866455,4497.18994140625,138.300003051758,136.580001831055,80,3,0.93120002746582,0.0685999989509583,0,0,0.000199999994947575,0,0,0,0,0,0,1,13,6.90000009536743,5.80000019073486,4.69999980926514,39,39,133.199996948242
"SRR15815888",31.73246,-87.36745,117,18.9,27.1,8.9,18.2,1508,620,19.2,43.7,54,330,275,201,24.84,15,5108,1030,1344,3295,-15.2,40,1380,16.6,350,1,63,15.1,18.3,21.9,25.1,28.9,31.8,32.5,32.5,30.8,26.2,20.2,17,2.7,5.6,8.7,11.7,15.9,20.6,21.8,21.6,19.2,12.8,6.4,5.3,8.9,11.9,15.3,18.4,22.4,26.2,27.1,27,25,19.5,13.3,11.2,127,164,126,141,108,147,130,132,103,77,82,171,10,13.2,17,20.5,22.1,21.4,22.6,20.6,17.6,14.6,10.9,9.2,7,3,1,0,0,0,0,0,0,0,1,3,147,199,324,401,535,635,683,680,598,448,253,204,286,176,106,44,12,2,0,1,5,32,153,214,3,6,24,56,139,247,282,279,212,79,12,6,20,28,31,30,31,30,31,31,30,31,30,28,1,0,0,0,0,0,0,0,0,0,0,0,54,68,106,134,166,168,170,159,132,103,67,53,0,0,0,0,58,21,40,27,29,26,0,0,60,60,60,60,62,68,70,69,67,61,58,63,7.38,9.4,3.86,3.58,-1.98,0.7,-1.24,-1.15,-3.18,-3.48,0.13,10.82,0.395000010728836,0.567200005054474,0.61760002374649,0.532000005245209,0.404799997806549,0.450399994850159,0.491200000047684,0.395000010728836,0.61760002374649,11.625,4.375,30,1.14403619762368,13.2236633300781,1441.69995117188,28.1399993896484,0.0299999993294477,19.1000003814697,159.860000610352,76968,76968,141,203,9,59.0299987792969,105.650001525879,5003.77978515625,177.740005493164,76.4300003051758,335.5,2,0.999400019645691,0,0,0,0,0.000600000028498471,0,0,0,0,0,1.29999995231628,5,2.40000009536743,3.90000009536743,5.09999990463257,56,25,40
"SRR15815890",34.66715,-83.31613,235,16.7,26.4,5.7,20.7,1701,684,15.7,38.6,87,313,227,93,58.89,35,4388,1523,1057,2719,-18.5,39.9,1246,15.8,295,3,64,11.3,14.4,18.3,23.1,27.1,30.7,32.1,31.2,28.8,23.5,17.5,13.9,0,2.2,5.4,9.6,14.6,18.9,20.7,20.1,17.6,11,4.6,3.1,5.7,8.3,11.9,16.4,20.9,24.8,26.4,25.6,23.2,17.2,11.1,8.5,148,154,133,154,134,138,141,171,100,133,119,176,9.6,11.9,16.1,19.9,20.8,21.6,21.6,19.4,16.3,13.6,10.1,8.6,16,7,2,0,0,0,0,0,0,0,2,7,79,118,222,342,490,593,662,637,545,378,188,135,385,268,195,77,19,3,1,1,9,64,208,292,0,1,7,32,104,207,261,236,161,41,5,2,14,2,29,30,31,30,31,31,30,31,25,11,3,0,0,0,0,0,0,0,0,0,0,0,41,54,89,123,153,165,170,151,118,87,54,41,0,0,0,0,19,27,29,0,18,0,0,0,63,61,60,59,63,66,68,68,67,62,60,65,11.64,10.49,6.17,5.84,1.84,0.12,-0.41,3.41,-2.11,3.82,5.1,12.98,0.223600000143051,0.712000012397766,0.65039998292923,0.51120001077652,0.216399997472763,0.210999995470047,0.367400005459785,0.210999995470047,0.712000012397766,32.625,-28.625,96,1.1381921014853,13.2728900909424,1313.34997558594,26.2299995422363,0.0900000035762787,20.2999992370605,152.279998779297,66978,61396.5,111,189,9,47.0699996948242,92.2699966430664,5226.830078125,170.970001220703,63.7599983215332,266.5,4,0.947399973869324,0.0313999988138676,0,0,0,0.000300000014249235,0,0.0208999998867512,0,0,0,1.20000004768372,10,3.90000009536743,4.30000019073486,5.30000019073486,45,34,64.8000030517578
"SRR15815892",34.777,-84.33188,651,14.5,23.9,3.8,20.1,2031,781,12.1,30.6,108,298,190,8,96.2,57,3678,1943,674,2124,-21.3,37.9,1213,15.9,246,8,61,9.6,12.4,16.3,21.3,25.2,28.7,30,29.2,27.5,22.3,15.9,12.5,-2.1,0.5,3.6,7.1,11.3,15.7,17.8,17,14.1,8,2.1,1.5,3.8,6.4,10,14.2,18.2,22.2,23.9,23.1,20.8,15.2,9,7,160,194,170,192,154,166,158,168,135,169,149,216,10.6,11.9,16.1,20.1,19.9,22.7,20.3,18.6,16,14.6,11,9.4,27,12,4,0,0,0,0,0,0,0,3,11,51,80,171,277,409,515,585,560,473,317,139,100,443,321,250,129,47,9,2,4,21,107,271,338,0,0,4,16,51,131,184,160,105,21,2,1,10,0,16,30,31,30,31,31,30,31,4,2,6,1,0,0,0,0,0,0,0,0,0,0,38,49,82,118,150,162,166,149,121,87,52,39,0,0,0,0,0,0,8,0,0,0,0,0,60,61,60,57,59,62,65,65,61,57,56,64,13.53,15.52,10.43,10,4.03,3.21,1.82,3.4,0.79,7.13,8.71,17.63,0.205599993467331,0.80239999294281,0.80239999294281,0.589999973773956,0.301600009202957,0.245800003409386,0.445799991488457,0.205599993467331,0.80239999294281,119.125,-108.125,282,1.14978754238827,11.4644021987915,1200.39001464844,14.8000001907349,0.259999990463257,20.7999992370605,172.320007324219,55350,38920.5,79,166,7,40.5699996948242,117.75,4972.7001953125,159.119995117188,55.3499984741211,182,3,1,0,0,0,0,0,0,0,0,0,0,1.10000002384186,12,5.09999990463257,4.80000019073486,5,49,32,81.5
"SRR15815894",34.95897,-83.55398,790,13.4,22.6,3,19.6,2012,808,11.6,28,112,293,180,7,104.65,74,3325,2196,511,1849,-23,36.3,1144,15.7,228,11,61,9,11.7,15.2,20,23.8,27,28.4,27.6,25.4,20.8,15.2,11.7,-3,-0.9,2.2,6,10.9,14.8,16.9,16.2,13.6,7.2,1.2,0,3,5.4,8.7,13,17.4,20.9,22.6,21.9,19.5,14,8.2,5.8,156,190,156,205,159,167,149,193,140,156,137,204,10.7,12.2,16.1,20,19.4,22.1,19.6,18,15.3,14.3,11.1,9.6,33,16,6,1,0,0,0,0,0,0,4,15,42,64,137,241,385,476,545,523,435,281,120,77,468,349,290,162,59,15,4,7,32,139,295,376,0,0,2,10,40,99,144,125,76,13,1,0,8,0,4,29,31,30,31,31,30,31,1,0,9,2,0,0,0,0,0,0,0,0,0,1,37,48,79,112,141,152,156,140,109,82,50,38,0,0,0,0,0,0,7,0,0,0,0,0,59,58,59,57,61,64,66,67,65,58,56,62,13.37,15.5,9.83,11.88,5.54,4.61,2.18,7.16,3.07,6.67,7.99,16.85,0.227599993348122,0.707599997520447,0.707599997520447,0.57039999961853,0.284799993038177,0.241999998688698,0.427599996328354,0.227599993348122,0.707599997520447,49.625,-35.875,112,1.15070909425078,11.0265455245972,1186.65002441406,9.77999973297119,0.340000003576279,19.6000003814697,193.619995117188,52236,36828,82,150,7,41.310001373291,114.800003051758,4800.009765625,155.539993286133,56.2200012207031,164,4,0.991999983787537,0.00689999992027879,0,0,0.00039999998989515,0.000699999975040555,0,0,0,0,0,1.10000002384186,11,6,4.80000019073486,5.09999990463257,49,28,104.099998474121
"SRR15815896",34.70805,-83.91265,688,14.1,23.5,3.6,19.9,2116,845,11.4,27.8,108,297,188,0,112.84,63,3544,2034,608,2017,-21.9,37,1160,15.7,239,9,62,9.4,12.1,15.7,20.3,24.3,27.5,29.1,28.3,26.2,21.2,15.8,12.2,-2.3,-0.3,3.1,7.2,11.7,15.7,17.8,17.1,14.3,8,2,0.9,3.6,5.9,9.4,13.8,18,21.6,23.5,22.7,20.2,14.6,8.9,6.6,172,175,150,196,173,169,171,176,156,214,138,226,10.6,12.2,16.1,19.8,19.7,21.9,20,18.3,15.6,14.1,11,9.4,28,14,5,0,0,0,0,0,0,0,3,12,48,72,155,265,403,497,573,548,455,299,137,92,449,335,269,140,50,11,3,5,25,123,274,351,0,0,3,14,48,114,172,147,91,17,2,1,10,0,11,30,31,30,31,31,30,31,4,1,7,1,0,0,0,0,0,0,0,0,0,0,38,50,80,112,142,152,158,142,112,83,52,39,0,0,0,0,0,0,0,0,0,0,0,0,60,59,60,60,62,65,67,67,65,60,56,63,14.8,13.81,8.89,11.14,6.86,4.78,4.13,5.22,4.27,12.47,7.66,18.8,0.249799996614456,0.663600027561188,0.663600027561188,0.514400005340576,0.252600014209747,0.275599986314774,0.394999995827675,0.249799996614456,0.663600027561188,88.125,-76.125,206,1.16285989498353,12.3061017990112,1192.17004394531,12.8699998855591,0.28999999165535,20.2999992370605,180.440002441406,54792,38407.5,82,163,7,41.5900001525879,115.48999786377,4812.68994140625,156.149993896484,56.4199981689453,180.5,10,0.996999979019165,0,0,0,0.00300000002607703,0,0,0,0,0,0,1.10000002384186,13,5.5,4.59999990463257,4.90000009536743,50,29,86.9000015258789
"SRR15815898",35.75641,-82.14823,770,12.7,22.4,2.1,20.3,1740,754,13,29.7,115,291,175,25,83.3,94,3146,2388,466,1737,-23.8,36.1,1102,15.4,222,13,62,7.9,10.6,14.1,19.4,23.4,26.7,28.1,27.1,24.6,19.8,14,10.6,-3.7,-1.6,1.4,5.4,10.7,14.4,16.7,15.8,13,6.7,0.5,-0.6,2.1,4.5,7.8,12.4,17,20.6,22.4,21.5,18.8,13.2,7.2,5,124,126,119,173,169,126,166,145,148,157,133,154,10.3,11.8,15.8,19.7,19.3,22,19.5,17.9,15,13.5,10.4,9,41,20,7,1,0,0,0,0,0,0,6,18,33,52,116,223,373,467,539,511,414,256,98,64,495,374,318,179,67,17,5,9,39,160,325,400,0,0,2,8,35,94,138,116,63,10,0,0,7,0,2,28,31,30,31,31,30,31,1,0,9,2,0,0,0,0,0,0,0,0,0,1,33,45,74,109,138,151,154,137,105,76,46,34,0,0,0,0,0,25,0,0,0,0,0,0,59,59,59,57,62,64,67,67,65,60,57,63,10.58,9.66,6.93,8.99,6.85,0.7,4.15,2.75,4.44,7.41,8.44,12.4,0.242400005459785,0.709200024604797,0.723200023174286,0.594399988651276,0.260800004005432,0.272000014781952,0.433200001716614,0.242400005459785,0.723200023174286,86.25,-2.5,255,1.17134281777402,8.78839683532715,1151.05004882812,14.3800001144409,0.170000001788139,20.2000007629395,147.880004882812,50094,35788.5,75,151,7,38.7000007629395,39.6399993896484,4804.27978515625,153.190002441406,110.980003356934,149,11,0.998700022697449,0.00130000000353903,0,0,0,0,0,0,0,0,0,1.10000002384186,15,4.30000019073486,4.59999990463257,4.80000019073486,52,26,67.8000030517578
"SRR15815900",36.23511,-81.83727,975,11,20.7,0.4,20.3,1478,677,14.2,30.6,121,286,166,19,69.61,149,2685,2822,303,1411,-25.4,34.3,1006,15.1,212,24,63,5.7,8.1,11.7,17,21.2,24.7,26.1,25.1,23,18.1,11.9,8.9,-4.9,-3.2,-0.2,4.1,9.3,13,15.3,14.4,11.9,5.7,-0.6,-1.8,0.4,2.4,5.8,10.6,15.2,18.9,20.7,19.8,17.4,11.9,5.7,3.6,108,107,98,154,159,122,142,138,116,119,103,112,10.3,11.5,15.7,19.5,19,21.7,19.1,17.4,14.5,13.1,10.2,9,62,34,13,1,0,0,0,0,0,1,10,27,22,31,75,175,318,416,486,459,372,216,69,46,548,433,380,226,107,32,11,19,59,195,369,444,0,0,0,4,19,62,95,76,41,6,0,0,6,0,0,23,31,30,31,31,30,30,0,0,15,5,0,0,0,0,0,0,0,0,1,1,29,38,66,98,126,140,143,126,98,70,41,31,0,0,0,0,0,18,1,0,0,0,0,0,61,60,61,59,64,65,68,68,66,61,59,63,9.61,8.74,6.19,8.25,7.06,1.51,3.03,3.26,2.08,4.38,6.61,8.88,0.279599994421005,0.683200001716614,0.753600001335144,0.60479998588562,0.232800006866455,0.231600001454353,0.442199990153313,0.231600001454353,0.753600001335144,81.375,19.375,212,1.08831703710853,8.8632173538208,1047.93005371094,8.61999988555908,0.25,20.3500003814697,153.270004272461,40210.5,32265,53,140,6,33.1699981689453,34.25,4599.93994140625,143.330001831055,142.029998779297,103.75,8,0.976700007915497,0.0232999995350838,0,0,0,0,0,0,0,0,0,1.10000002384186,12,4.30000019073486,4.80000019073486,4.90000009536743,40,38,69.0999984741211
