ID;Species;Latitude;Longitude;Morphotype
8301;Polygonia faunus;50.921;-114.527;Contrasted
8302;Polygonia faunus;50.921;-114.527;Contrasted
8303;Polygonia faunus;50.921;-114.527;Contrasted
8304;Polygonia faunus;52.939;-114.288;Contrasted
8305;Polygonia faunus;52.939;-114.288;NA
8306;Polygonia faunus;53.533;-113.536;Smeared
8307;Polygonia faunus;53.533;-113.536;Contrasted
8308;Polygonia faunus;52.401;-116.081;Smeared
8309;Polygonia faunus;53.529;-113.520;Contrasted
8310;Polygonia faunus;52.483;-115.738;Contrasted
8311;Polygonia faunus;52.483;-115.738;Contrasted
8312;Polygonia faunus;52.483;-115.738;Smeared
8313;Polygonia faunus;52.483;-115.738;Smeared
8314;Polygonia faunus;52.483;-115.738;Smeared
8315;Polygonia faunus;52.269;-115.915;NA
8316;Polygonia faunus;53.529;-113.520;Contrasted
8317;Polygonia faunus;53.071;-114.079;Smeared
8318;Polygonia faunus;53.071;-114.080;Smeared
8319;Polygonia progne;53.052;-114.740;NA
8320;Polygonia faunus;52.939;-114.288;Smeared
8321;Polygonia faunus;52.939;-114.288;Contrasted
8322;Polygonia faunus;52.939;-114.288;Smeared
8323;Polygonia faunus;52.939;-114.288;Contrasted
8324;Polygonia faunus;52.939;-114.288;Contrasted
8325;Polygonia faunus;52.494;-114.323;Smeared
8326;Polygonia faunus;53.052;-114.740;Smeared
8327;Polygonia faunus;53.071;-114.081;Contrasted
8328;Polygonia faunus;54.031;-115.721;Smeared
8329;Polygonia faunus;54.031;-115.721;Contrasted
8330;Polygonia faunus;54.031;-115.721;NA
8331;Polygonia faunus;54.031;-115.721;Contrasted
8332;Polygonia faunus;53.071;-114.082;Contrasted
8333;Polygonia faunus;53.506;-113.613;Contrasted
8334;Polygonia faunus;53.506;-113.613;Contrasted
8335;Polygonia faunus;53.506;-113.613;Smeared
8336;Polygonia faunus;53.506;-113.613;Contrasted
8337;Polygonia faunus;52.269;-115.915;Contrasted
8338;Polygonia faunus;52.269;-115.915;Smeared
8339;Polygonia faunus;52.269;-115.915;Smeared
8340;Polygonia faunus;52.269;-115.915;Contrasted
8341;Polygonia progne;50.921;-114.527;NA
8342;Polygonia progne;50.921;-114.527;NA
8343;Polygonia progne;50.921;-114.527;NA
8344;Polygonia progne;50.921;-114.527;NA
8345;Polygonia progne;50.921;-114.527;NA
8346;Polygonia progne;50.921;-114.527;NA
8347;Polygonia progne;50.921;-114.527;NA
8348;Polygonia progne;50.921;-114.527;NA
8349;Polygonia progne;50.921;-114.527;NA
8350;Polygonia progne;50.921;-114.527;NA
8351;Polygonia progne;50.921;-114.527;NA
8352;Polygonia progne;50.921;-114.527;NA
8353;Polygonia progne;50.921;-114.527;NA
8354;Polygonia progne;50.921;-114.527;NA
8355;Polygonia progne;50.921;-114.527;NA
8356;Polygonia progne;50.921;-114.527;NA
8357;Polygonia progne;50.921;-114.527;NA
8358;Polygonia satyrus;53.071;-114.078;Smeared
8359;Polygonia progne;50.921;-114.527;NA
8360;Polygonia progne;50.921;-114.527;NA
8361;Polygonia progne;50.921;-114.527;NA
8362;Polygonia progne;50.921;-114.527;NA
8363;Polygonia progne;53.071;-114.083;NA
8364;Polygonia progne;52.939;-114.288;NA
8365;Polygonia progne;52.939;-114.288;NA
8366;Polygonia progne;52.939;-114.288;NA
8367;Polygonia progne;53.052;-114.740;NA
8368;Polygonia progne;53.017;-113.365;NA
8369;Polygonia progne;53.017;-113.365;NA
8370;Polygonia progne;51.418;-112.285;NA
8371;Polygonia progne;53.052;-114.740;NA
8372;Polygonia progne;53.052;-114.740;NA
8373;Polygonia progne;52.939;-114.288;NA
8374;Polygonia progne;51.418;-112.285;NA
8375;Polygonia satyrus;50.921;-114.536;Smeared
8376;Polygonia progne;52.939;-114.288;NA
8377;Polygonia progne;53.052;-114.740;NA
8378;Polygonia progne;51.418;-112.285;NA
8379;Polygonia progne;52.494;-114.323;NA
8380;Polygonia progne;53.506;-113.613;NA
8381;Polygonia progne;50.921;-114.527;NA
8382;Polygonia gracilis gracilis;52.468;-116.082;NA
8383;Polygonia faunus;52.939;-114.288;Contrasted
8384;Polygonia progne;52.939;-114.288;NA
8385;Polygonia satyrus;53.071;-114.084;Smeared
8386;Polygonia faunus;52.939;-114.288;Contrasted
8387;Polygonia progne;52.939;-114.288;NA
8388;Polygonia gracilis zephyrus;52.483;-115.738;NA
8389;Polygonia gracilis zephyrus;52.483;-115.738;NA
8390;Polygonia gracilis gracilis;52.483;-115.738;NA
8391;Polygonia gracilis gracilis;53.506;-113.613;NA
8392;Polygonia gracilis gracilis;52.339;-115.742;NA
8393;Polygonia satyrus;50.921;-114.527;Contrasted
8394;Polygonia satyrus;49.002;-113.907;Contrasted
8395;Polygonia satyrus;52.339;-115.742;Smeared
8396;Polygonia satyrus;53.506;-113.613;Smeared
8397;Polygonia satyrus;51.766;-112.788;Smeared
9201;Polygonia satyrus;50.921;-114.527;Smeared
9202;Polygonia satyrus;53.547;-113.558;NA
9203;Polygonia satyrus;53.547;-113.558;Smeared
9204;Polygonia satyrus;53.547;-113.558;Contrasted
9205;Polygonia satyrus;52.339;-115.742;Smeared
9206;Polygonia satyrus;52.339;-115.742;Contrasted
9207;Polygonia satyrus;52.339;-115.742;Smeared
9208;Polygonia satyrus;52.339;-115.742;Contrasted
9209;Polygonia satyrus;49.140;-113.851;Contrasted
9210;Polygonia satyrus;49.140;-113.851;Smeared
9211;Polygonia satyrus;54.031;-115.721;Contrasted
9212;Polygonia satyrus;54.031;-115.721;Contrasted
9213;Polygonia satyrus;52.939;-114.288;Contrasted
9214;Polygonia satyrus;52.843;-119.256;Smeared
9215;Polygonia satyrus;49.092;-119.538;Smeared
9216;Polygonia satyrus;52.939;-114.288;Contrasted
9217;Polygonia satyrus;52.635;-114.624;Contrasted
9218;Polygonia satyrus;52.635;-114.624;Contrasted
9219;Polygonia satyrus;52.635;-114.624;Contrasted
9220;Polygonia satyrus;52.939;-114.288;Contrasted
9221;Polygonia satyrus;53.987;-113.319;Contrasted
9222;Polygonia satyrus;53.987;-113.319;NA
9223;Polygonia satyrus;53.987;-113.319;Contrasted
9224;Polygonia satyrus;53.396;-113.738;Contrasted
9225;Polygonia satyrus;53.396;-113.738;Smeared
9226;Polygonia satyrus;53.396;-113.738;Contrasted
9227;Polygonia satyrus;53.032;-115.522;Contrasted
9228;Polygonia satyrus;53.494;-114.176;Contrasted
9229;Polygonia satyrus;53.494;-114.176;Contrasted
9230;Polygonia satyrus;53.494;-114.176;Contrasted
9231;Polygonia satyrus;53.494;-114.176;Smeared
9232;Polygonia satyrus;55.114;-121.019;Contrasted
9233;Polygonia satyrus;55.114;-121.019;Contrasted
9234;Polygonia satyrus;55.114;-121.019;Contrasted
9235;Polygonia satyrus;55.114;-121.019;Contrasted
9236;Polygonia satyrus;53.208;-117.551;Contrasted
9237;Polygonia satyrus;53.208;-117.551;Contrasted
9238;Polygonia satyrus;53.208;-117.551;NA
9239;Polygonia satyrus;53.542;-117.010;Smeared
9240;Polygonia satyrus;55.675;-121.645;Contrasted
9241;Polygonia satyrus;55.675;-121.645;Contrasted
9242;Polygonia satyrus;55.675;-121.645;Contrasted
9243;Polygonia satyrus;55.675;-121.645;Contrasted
9244;Polygonia satyrus;54.963;-112.010;Contrasted
9245;Polygonia satyrus;54.963;-112.010;Contrasted
9246;Polygonia satyrus;54.963;-112.010;Contrasted
9247;Polygonia satyrus;54.963;-112.010;Smeared
9248;Polygonia satyrus;47.876;-114.032;Contrasted
9249;Polygonia satyrus;48.470;-114.080;Contrasted
9250;Polygonia faunus;52.843;-119.256;Smeared
9251;Polygonia faunus;52.843;-119.256;Contrasted
9252;Polygonia faunus;52.843;-119.256;Contrasted
9253;Polygonia faunus;52.843;-119.256;Contrasted
9254;Polygonia faunus;51.860;-119.299;Contrasted
9255;Polygonia faunus;51.860;-119.299;Contrasted
9256;Polygonia faunus;51.860;-119.299;Contrasted
9257;Polygonia faunus;51.860;-119.299;Contrasted
9258;Polygonia faunus;53.616;-114.074;NA
9259;Polygonia faunus;52.635;-114.624;Smeared
9260;Polygonia faunus;52.635;-114.624;Smeared
9261;Polygonia faunus;52.635;-114.624;Contrasted
9262;Polygonia faunus;52.635;-114.624;Contrasted
9263;Polygonia faunus;53.408;-113.758;Smeared
9264;Polygonia faunus;53.408;-113.758;Contrasted
9265;Polygonia faunus;53.616;-114.074;Contrasted
9266;Polygonia faunus;53.616;-114.074;Contrasted
9267;Polygonia faunus;53.987;-113.319;Contrasted
9268;Polygonia faunus;53.987;-113.319;NA
9269;Polygonia faunus;53.987;-113.319;Contrasted
9270;Polygonia faunus;52.652;-114.724;Contrasted
9271;Polygonia faunus;55.114;-121.019;Smeared
9272;Polygonia satyrus;55.114;-121.019;Contrasted
9273;Polygonia faunus;55.114;-121.019;Contrasted
9274;Polygonia faunus;55.114;-121.019;Smeared
9275;Polygonia faunus;53.208;-117.551;Contrasted
9276;Polygonia faunus;53.208;-117.551;Contrasted
9277;Polygonia faunus;53.208;-117.551;Contrasted
9278;Polygonia faunus;53.208;-117.551;Smeared
9279;Polygonia faunus;55.675;-121.645;Contrasted
9280;Polygonia faunus;55.675;-121.645;Contrasted
9281;Polygonia faunus;55.675;-121.645;Contrasted
9282;Polygonia faunus;55.675;-121.645;Contrasted
9283;Polygonia faunus;54.963;-112.010;Contrasted
9284;Polygonia faunus;54.963;-112.010;Contrasted
9285;Polygonia faunus;54.963;-112.010;Contrasted
9286;Polygonia faunus;54.963;-112.010;Contrasted
9287;Polygonia faunus;49.951;-119.556;Contrasted
9288;Polygonia faunus;47.876;-114.032;NA
9289;Polygonia faunus;47.876;-114.032;Contrasted
9290;Polygonia faunus;48.470;-114.080;Contrasted
9291;Polygonia faunus;48.470;-114.080;NA
9292;Polygonia faunus;48.470;-114.080;NA
9293;Polygonia faunus;48.470;-114.080;Contrasted
9294;Polygonia faunus;47.876;-114.032;Contrasted
9295;Polygonia faunus;47.876;-114.032;Contrasted
9296;Polygonia gracilis gracilis;55.114;-121.019;NA
9297;Polygonia gracilis zephyrus;55.675;-121.645;NA
9298;Polygonia gracilis gracilis;54.963;-112.010;NA
9299;Polygonia gracilis gracilis;54.963;-112.010;NA
9300;Polygonia gracilis zephyrus;52.843;-119.256;NA
9301;Polygonia gracilis zephyrus;52.843;-119.256;NA
9302;Polygonia gracilis zephyrus;51.860;-119.299;NA
9303;Polygonia gracilis zephyrus;51.860;-119.299;NA
9304;Polygonia gracilis zephyrus;51.860;-119.299;NA
9305;Polygonia gracilis gracilis;51.860;-119.299;NA
9306;Polygonia gracilis zephyrus;53.208;-117.551;NA
9307;Polygonia gracilis zephyrus;53.208;-117.551;NA
9308;Polygonia gracilis zephyrus;53.208;-117.551;NA
9309;Polygonia gracilis gracilis;53.208;-117.551;NA
9310;Polygonia comma;42.450;-76.468;NA
9311;Polygonia interrogationis;42.463;-76.426;NA
9312;Polygonia progne;53.519;-113.521;NA
9313;Polygonia progne;53.519;-113.521;NA
9314;Polygonia progne;52.939;-114.288;NA
9315;Polygonia progne;52.939;-114.288;NA
9316;Polygonia progne;53.071;-114.087;NA
9317;Polygonia progne;52.174;-114.643;NA
9318;Polygonia progne;52.635;-114.624;NA
9319;Polygonia progne;52.635;-114.624;NA
9320;Polygonia progne;53.506;-113.613;NA
9321;Polygonia progne;53.506;-113.613;NA
9322;Polygonia progne;56.253;-117.288;NA
9323;Polygonia progne;56.248;-117.279;NA
9324;Polygonia progne;56.095;-117.572;NA
9325;Polygonia progne;53.987;-113.319;NA
9326;Polygonia progne;53.494;-114.176;NA
9327;Polygonia progne;52.635;-114.624;NA
9328;Polygonia progne;53.623;-113.958;NA
9329;Polygonia progne;53.616;-114.074;NA
9330;Polygonia progne;53.494;-114.176;NA
9331;Polygonia progne;53.071;-114.078;NA
9332;Polygonia progne;54.963;-112.010;NA
9333;Polygonia progne;54.963;-112.010;NA
9334;Polygonia progne;54.963;-112.010;NA
9335;Polygonia progne;54.963;-112.010;NA
9336;Polygonia progne;53.052;-114.740;NA
9337;Polygonia progne;52.229;-113.453;NA
9338;Nymphalis vaualbum;52.635;-114.624;NA
9339;Nymphalis vaualbum;54.963;-112.010;NA
9340;Nymphalis californica;44.424;-121.849;NA
9341;Aglais milberti;52.339;-115.742;NA
9342;Aglais milberti;50.883;-114.758;NA
9343;Nymphalis antiopa;53.494;-114.176;NA
9344;Nymphalis antiopa;52.939;-114.327;NA
9345;Polygonia progne;54.963;-112.010;NA
9346;Polygonia progne;54.963;-112.010;NA
9347;Polygonia progne;54.963;-112.010;NA
9348;Polygonia faunus;53.987;-113.319;Smeared
9349;Polygonia faunus;53.616;-114.074;Smeared
9350;Polygonia faunus;54.588;-114.159;Contrasted
9351;Polygonia faunus;54.588;-114.159;NA
9352;Polygonia gracilis gracilis;49.794;-119.345;NA
9353;Polygonia faunus;52.939;-114.288;Contrasted
9354;Polygonia faunus;52.939;-114.288;Smeared
9355;Polygonia faunus;53.071;-114.085;Contrasted
9356;Polygonia faunus;53.071;-114.086;NA
9357;Polygonia faunus;52.635;-114.624;NA
9358;Polygonia faunus;52.635;-114.624;Smeared
9359;Polygonia faunus;53.208;-117.551;Contrasted
9360;Polygonia faunus;53.208;-117.551;Contrasted
9361;Polygonia faunus;55.675;-121.645;Contrasted
9362;Polygonia faunus;55.675;-121.645;Smeared
9363;Polygonia faunus;54.963;-112.010;Contrasted
9364;Polygonia faunus;54.963;-112.010;Contrasted
9365;Polygonia faunus;53.052;-114.740;Contrasted
9366;Polygonia faunus;52.229;-113.453;Contrasted
9367;Polygonia faunus;51.860;-119.299;Contrasted
9368;Polygonia faunus;51.860;-119.299;Smeared
